Run,Assay Type,AvgSpotLen,Bases,BioProject,BioSample,Bytes,Center Name,Consent,DATASTORE filetype,DATASTORE provider,DATASTORE region,Experiment,GEO_Accession (exp),Instrument,LibraryLayout,LibrarySelection,LibrarySource,Organism,Platform,ReleaseDate,create_date,version,Sample Name,source_name,SRA Study,tissue
SRR1313062,RNA-Seq,100,2796034200,PRJNA251383,SAMN02820988,1896178749,GEO,public,"fastq,run.zq,sra","gs,ncbi,s3","gs.us-east1,ncbi.public,s3.us-east-1",SRX559713,GSM1401648,Illumina HiSeq 2000,PAIRED,cDNA,TRANSCRIPTOMIC,Homo sapiens,ILLUMINA,2014-06-12T00:00:00Z,2014-06-02T13:30:00Z,1,GSM1401648,Breast Cancer Cell Line,SRP042620,Breast Cancer Cell Line
SRR1313063,RNA-Seq,100,3104590100,PRJNA251383,SAMN02820982,2059756251,GEO,public,"fastq,run.zq,sra","gs,ncbi,s3","gs.us-east1,ncbi.public,s3.us-east-1",SRX559714,GSM1401649,Illumina HiSeq 2000,PAIRED,cDNA,TRANSCRIPTOMIC,Homo sapiens,ILLUMINA,2014-06-12T00:00:00Z,2014-06-02T13:32:00Z,1,GSM1401649,Breast Cancer Cell Line,SRP042620,Breast Cancer Cell Line
SRR1313064,RNA-Seq,100,4506044000,PRJNA251383,SAMN02820992,3098093477,GEO,public,"fastq,run.zq,sra","gs,ncbi,s3","gs.us-east1,ncbi.public,s3.us-east-1",SRX559715,GSM1401650,Illumina HiSeq 2000,PAIRED,cDNA,TRANSCRIPTOMIC,Homo sapiens,ILLUMINA,2014-06-12T00:00:00Z,2014-06-02T13:34:00Z,1,GSM1401650,Breast Cancer Cell Line,SRP042620,Breast Cancer Cell Line
SRR1313065,RNA-Seq,99,4830248992,PRJNA251383,SAMN02820984,3128775428,GEO,public,"fastq,run.zq,sra","gs,ncbi,s3","gs.us-east1,ncbi.public,s3.us-east-1",SRX559716,GSM1401651,Illumina HiSeq 2000,PAIRED,cDNA,TRANSCRIPTOMIC,Homo sapiens,ILLUMINA,2014-06-12T00:00:00Z,2014-06-17T17:25:00Z,1,GSM1401651,Breast Cancer Cell Line,SRP042620,Breast Cancer Cell Line
SRR1313066,RNA-Seq,100,3323508100,PRJNA251383,SAMN02820983,2086588309,GEO,public,"fastq,run.zq,sra","gs,ncbi,s3","gs.us-east1,ncbi.public,s3.us-east-1",SRX559717,GSM1401652,Illumina HiSeq 2000,PAIRED,cDNA,TRANSCRIPTOMIC,Homo sapiens,ILLUMINA,2014-06-12T00:00:00Z,2014-06-02T13:38:00Z,1,GSM1401652,Breast Cancer Cell Line,SRP042620,Breast Cancer Cell Line
SRR1313067,RNA-Seq,100,5381852400,PRJNA251383,SAMN02820989,3866855629,GEO,public,"fastq,run.zq,sra","gs,ncbi,s3","gs.us-east1,ncbi.public,s3.us-east-1",SRX559718,GSM1401653,Illumina HiSeq 2000,PAIRED,cDNA,TRANSCRIPTOMIC,Homo sapiens,ILLUMINA,2014-06-12T00:00:00Z,2014-06-02T13:40:00Z,1,GSM1401653,Breast Cancer Cell Line,SRP042620,Breast Cancer Cell Line
SRR1313068,RNA-Seq,100,5352263400,PRJNA251383,SAMN02820986,3776138445,GEO,public,"fastq,run.zq,sra","gs,ncbi,s3","gs.us-east1,ncbi.public,s3.us-east-1",SRX559719,GSM1401654,Illumina HiSeq 2000,PAIRED,cDNA,TRANSCRIPTOMIC,Homo sapiens,ILLUMINA,2014-06-12T00:00:00Z,2014-06-02T13:38:00Z,1,GSM1401654,Breast Cancer Cell Line,SRP042620,Breast Cancer Cell Line
SRR1313069,RNA-Seq,100,15764817900,PRJNA251383,SAMN02820985,9824534687,GEO,public,"fastq,run.zq,sra","gs,ncbi,s3","gs.us-east1,ncbi.public,s3.us-east-1",SRX559720,GSM1401655,Illumina HiSeq 2000,PAIRED,cDNA,TRANSCRIPTOMIC,Homo sapiens,ILLUMINA,2014-06-12T00:00:00Z,2014-06-02T14:24:00Z,1,GSM1401655,Breast Cancer Cell Line,SRP042620,Breast Cancer Cell Line
SRR1313070,RNA-Seq,100,15616925300,PRJNA251383,SAMN02820996,9691555087,GEO,public,"fastq,run.zq,sra","gs,ncbi,s3","gs.us-east1,ncbi.public,s3.us-east-1",SRX559721,GSM1401656,Illumina HiSeq 2000,PAIRED,cDNA,TRANSCRIPTOMIC,Homo sapiens,ILLUMINA,2014-06-12T00:00:00Z,2014-06-02T14:15:00Z,1,GSM1401656,Breast Cancer Cell Line,SRP042620,Breast Cancer Cell Line
SRR1313071,RNA-Seq,100,8549346000,PRJNA251383,SAMN02820994,5992036316,GEO,public,"fastq,run.zq,sra","gs,ncbi,s3","gs.us-east1,ncbi.public,s3.us-east-1",SRX559722,GSM1401657,Illumina HiSeq 2000,PAIRED,cDNA,TRANSCRIPTOMIC,Homo sapiens,ILLUMINA,2014-06-12T00:00:00Z,2014-06-02T13:50:00Z,1,GSM1401657,Breast Cancer Cell Line,SRP042620,Breast Cancer Cell Line
SRR1313072,RNA-Seq,100,10895154600,PRJNA251383,SAMN02821015,7561281659,GEO,public,"fastq,run.zq,sra","gs,ncbi,s3","gs.us-east1,ncbi.public,s3.us-east-1",SRX559723,GSM1401658,Illumina HiSeq 2000,PAIRED,cDNA,TRANSCRIPTOMIC,Homo sapiens,ILLUMINA,2014-06-12T00:00:00Z,2014-06-02T13:51:00Z,1,GSM1401658,Breast Cancer Cell Line,SRP042620,Breast Cancer Cell Line
SRR1313073,RNA-Seq,100,13556794400,PRJNA251383,SAMN02820987,8508288304,GEO,public,"fastq,run.zq,sra","gs,ncbi,s3","gs.us-east1,ncbi.public,s3.us-east-1",SRX559724,GSM1401659,Illumina HiSeq 2000,PAIRED,cDNA,TRANSCRIPTOMIC,Homo sapiens,ILLUMINA,2014-06-12T00:00:00Z,2014-06-02T14:36:00Z,1,GSM1401659,Breast Cancer Cell Line,SRP042620,Breast Cancer Cell Line
SRR1313074,RNA-Seq,100,12760318000,PRJNA251383,SAMN02820991,7991793972,GEO,public,"fastq,run.zq,sra","gs,ncbi,s3","gs.us-east1,ncbi.public,s3.us-east-1",SRX559725,GSM1401660,Illumina HiSeq 2000,PAIRED,cDNA,TRANSCRIPTOMIC,Homo sapiens,ILLUMINA,2014-06-12T00:00:00Z,2014-06-02T14:24:00Z,1,GSM1401660,Breast Cancer Cell Line,SRP042620,Breast Cancer Cell Line
SRR1313075,RNA-Seq,100,16180222400,PRJNA251383,SAMN02820993,9856165322,GEO,public,"fastq,run.zq,sra","gs,ncbi,s3","gs.us-east1,ncbi.public,s3.us-east-1",SRX559726,GSM1401661,Illumina HiSeq 2000,PAIRED,cDNA,TRANSCRIPTOMIC,Homo sapiens,ILLUMINA,2014-06-12T00:00:00Z,2014-06-02T14:34:00Z,1,GSM1401661,Breast Cancer Cell Line,SRP042620,Breast Cancer Cell Line
SRR1313076,RNA-Seq,100,10846228300,PRJNA251383,SAMN02820990,6808914726,GEO,public,"fastq,run.zq,sra","gs,ncbi,s3","gs.us-east1,ncbi.public,s3.us-east-1",SRX559727,GSM1401662,Illumina HiSeq 2000,PAIRED,cDNA,TRANSCRIPTOMIC,Homo sapiens,ILLUMINA,2014-06-12T00:00:00Z,2014-06-02T14:13:00Z,1,GSM1401662,Breast Cancer Cell Line,SRP042620,Breast Cancer Cell Line
SRR1313077,RNA-Seq,100,13832326100,PRJNA251383,SAMN02821016,8643730671,GEO,public,"fastq,run.zq,sra","gs,ncbi,s3","gs.us-east1,ncbi.public,s3.us-east-1",SRX559728,GSM1401663,Illumina HiSeq 2000,PAIRED,cDNA,TRANSCRIPTOMIC,Homo sapiens,ILLUMINA,2014-06-12T00:00:00Z,2014-06-02T14:25:00Z,1,GSM1401663,Breast Cancer Cell Line,SRP042620,Breast Cancer Cell Line
SRR1313078,RNA-Seq,100,15070111900,PRJNA251383,SAMN02820995,9410435328,GEO,public,"fastq,run.zq,sra","gs,ncbi,s3","gs.us-east1,ncbi.public,s3.us-east-1",SRX559729,GSM1401664,Illumina HiSeq 2000,PAIRED,cDNA,TRANSCRIPTOMIC,Homo sapiens,ILLUMINA,2014-06-12T00:00:00Z,2014-06-02T14:25:00Z,1,GSM1401664,Breast Cancer Cell Line,SRP042620,Breast Cancer Cell Line
SRR1313079,RNA-Seq,100,7201293200,PRJNA251383,SAMN02821013,5232281501,GEO,public,"fastq,run.zq,sra","gs,ncbi,s3","gs.us-east1,ncbi.public,s3.us-east-1",SRX559730,GSM1401665,Illumina HiSeq 2000,PAIRED,cDNA,TRANSCRIPTOMIC,Homo sapiens,ILLUMINA,2014-06-12T00:00:00Z,2014-06-02T13:58:00Z,1,GSM1401665,Breast Cancer Cell Line,SRP042620,Breast Cancer Cell Line
SRR1313080,RNA-Seq,100,7020499300,PRJNA251383,SAMN02821017,5002971680,GEO,public,"fastq,run.zq,sra","gs,ncbi,s3","gs.us-east1,ncbi.public,s3.us-east-1",SRX559731,GSM1401666,Illumina HiSeq 2000,PAIRED,cDNA,TRANSCRIPTOMIC,Homo sapiens,ILLUMINA,2014-06-12T00:00:00Z,2014-06-02T13:58:00Z,1,GSM1401666,Breast Cancer Cell Line,SRP042620,Breast Cancer Cell Line
SRR1313081,RNA-Seq,100,10325344600,PRJNA251383,SAMN02820997,7220651293,GEO,public,"fastq,run.zq,sra","gs,ncbi,s3","gs.us-east1,ncbi.public,s3.us-east-1",SRX559732,GSM1401667,Illumina HiSeq 2000,PAIRED,cDNA,TRANSCRIPTOMIC,Homo sapiens,ILLUMINA,2014-06-12T00:00:00Z,2014-06-02T14:07:00Z,1,GSM1401667,Breast Cancer Cell Line,SRP042620,Breast Cancer Cell Line
SRR1313082,RNA-Seq,100,10662953300,PRJNA251383,SAMN02821020,7780242464,GEO,public,"fastq,run.zq,sra","gs,ncbi,s3","gs.us-east1,ncbi.public,s3.us-east-1",SRX559733,GSM1401668,Illumina HiSeq 2000,PAIRED,cDNA,TRANSCRIPTOMIC,Homo sapiens,ILLUMINA,2014-06-12T00:00:00Z,2014-06-02T14:06:00Z,1,GSM1401668,Breast Cancer Cell Line,SRP042620,Breast Cancer Cell Line
SRR1313083,RNA-Seq,100,11899109100,PRJNA251383,SAMN02821004,8248439889,GEO,public,"fastq,run.zq,sra","gs,ncbi,s3","gs.us-east1,ncbi.public,s3.us-east-1",SRX559734,GSM1401669,Illumina HiSeq 2000,PAIRED,cDNA,TRANSCRIPTOMIC,Homo sapiens,ILLUMINA,2014-06-12T00:00:00Z,2014-06-02T14:12:00Z,1,GSM1401669,Breast Cancer Cell Line,SRP042620,Breast Cancer Cell Line
SRR1313084,RNA-Seq,100,5961359400,PRJNA251383,SAMN02821003,4112734912,GEO,public,"fastq,run.zq,sra","gs,ncbi,s3","gs.us-east1,ncbi.public,s3.us-east-1",SRX559735,GSM1401670,Illumina HiSeq 2000,PAIRED,cDNA,TRANSCRIPTOMIC,Homo sapiens,ILLUMINA,2014-06-12T00:00:00Z,2014-06-02T13:55:00Z,1,GSM1401670,Breast Cancer Cell Line,SRP042620,Breast Cancer Cell Line
SRR1313085,RNA-Seq,100,8598026800,PRJNA251383,SAMN02821006,5816028973,GEO,public,"fastq,run.zq,sra","gs,ncbi,s3","gs.us-east1,ncbi.public,s3.us-east-1",SRX559736,GSM1401671,Illumina HiSeq 2000,PAIRED,cDNA,TRANSCRIPTOMIC,Homo sapiens,ILLUMINA,2014-06-12T00:00:00Z,2014-06-02T14:01:00Z,1,GSM1401671,Breast Cancer Cell Line,SRP042620,Breast Cancer Cell Line
SRR1313086,RNA-Seq,100,8800184300,PRJNA251383,SAMN02821011,5953941711,GEO,public,"fastq,run.zq,sra","gs,ncbi,s3","gs.us-east1,ncbi.public,s3.us-east-1",SRX559737,GSM1401672,Illumina HiSeq 2000,PAIRED,cDNA,TRANSCRIPTOMIC,Homo sapiens,ILLUMINA,2014-06-12T00:00:00Z,2014-06-02T14:03:00Z,1,GSM1401672,Breast Cancer Cell Line,SRP042620,Breast Cancer Cell Line
SRR1313087,RNA-Seq,100,8927304200,PRJNA251383,SAMN02821001,6069641558,GEO,public,"fastq,run.zq,sra","gs,ncbi,s3","gs.us-east1,ncbi.public,s3.us-east-1",SRX559738,GSM1401673,Illumina HiSeq 2000,PAIRED,cDNA,TRANSCRIPTOMIC,Homo sapiens,ILLUMINA,2014-06-12T00:00:00Z,2014-06-02T14:03:00Z,1,GSM1401673,Breast Cancer Cell Line,SRP042620,Breast Cancer Cell Line
SRR1313088,RNA-Seq,100,9914339100,PRJNA251383,SAMN02821007,6683071708,GEO,public,"fastq,run.zq,sra","gs,ncbi,s3","gs.us-east1,ncbi.public,s3.us-east-1",SRX559739,GSM1401674,Illumina HiSeq 2000,PAIRED,cDNA,TRANSCRIPTOMIC,Homo sapiens,ILLUMINA,2014-06-12T00:00:00Z,2014-06-02T14:11:00Z,1,GSM1401674,Breast Cancer Cell Line,SRP042620,Breast Cancer Cell Line
SRR1313089,RNA-Seq,100,9897351800,PRJNA251383,SAMN02821009,6775516039,GEO,public,"fastq,run.zq,sra","gs,ncbi,s3","gs.us-east1,ncbi.public,s3.us-east-1",SRX559740,GSM1401675,Illumina HiSeq 2000,PAIRED,cDNA,TRANSCRIPTOMIC,Homo sapiens,ILLUMINA,2014-06-12T00:00:00Z,2014-06-02T15:00:00Z,1,GSM1401675,Breast Cancer Cell Line,SRP042620,Breast Cancer Cell Line
SRR1313090,RNA-Seq,100,5333627300,PRJNA251383,SAMN02821119,3600249356,GEO,public,"fastq,run.zq,sra","gs,ncbi,s3","gs.us-east1,ncbi.public,s3.us-east-1",SRX559741,GSM1401676,Illumina HiSeq 2000,PAIRED,cDNA,TRANSCRIPTOMIC,Homo sapiens,ILLUMINA,2014-06-12T00:00:00Z,2014-06-02T12:37:00Z,1,GSM1401676,ER+ Breast Cancer Primary Tumor,SRP042620,ER+ Breast Cancer Primary Tumor
SRR1313091,RNA-Seq,100,6559596500,PRJNA251383,SAMN02821114,4433356861,GEO,public,"fastq,run.zq,sra","gs,ncbi,s3","gs.us-east1,ncbi.public,s3.us-east-1",SRX559742,GSM1401677,Illumina HiSeq 2000,PAIRED,cDNA,TRANSCRIPTOMIC,Homo sapiens,ILLUMINA,2014-06-12T00:00:00Z,2014-06-02T12:39:00Z,1,GSM1401677,ER+ Breast Cancer Primary Tumor,SRP042620,ER+ Breast Cancer Primary Tumor
SRR1313092,RNA-Seq,100,6524835100,PRJNA251383,SAMN02821122,4554948776,GEO,public,"fastq,run.zq,sra","gs,ncbi,s3","gs.us-east1,ncbi.public,s3.us-east-1",SRX559743,GSM1401678,Illumina HiSeq 2000,PAIRED,cDNA,TRANSCRIPTOMIC,Homo sapiens,ILLUMINA,2014-06-12T00:00:00Z,2014-06-02T12:42:00Z,1,GSM1401678,ER+ Breast Cancer Primary Tumor,SRP042620,ER+ Breast Cancer Primary Tumor
SRR1313093,RNA-Seq,100,5165447000,PRJNA251383,SAMN02821124,3506538180,GEO,public,"fastq,run.zq,sra","gs,ncbi,s3","gs.us-east1,ncbi.public,s3.us-east-1",SRX559744,GSM1401679,Illumina HiSeq 2000,PAIRED,cDNA,TRANSCRIPTOMIC,Homo sapiens,ILLUMINA,2014-06-12T00:00:00Z,2014-06-02T12:42:00Z,1,GSM1401679,ER+ Breast Cancer Primary Tumor,SRP042620,ER+ Breast Cancer Primary Tumor
SRR1313094,RNA-Seq,100,6814532000,PRJNA251383,SAMN02821123,4642610704,GEO,public,"fastq,run.zq,sra","gs,ncbi,s3","gs.us-east1,ncbi.public,s3.us-east-1",SRX559745,GSM1401680,Illumina HiSeq 2000,PAIRED,cDNA,TRANSCRIPTOMIC,Homo sapiens,ILLUMINA,2014-06-12T00:00:00Z,2014-06-02T13:09:00Z,1,GSM1401680,ER+ Breast Cancer Primary Tumor,SRP042620,ER+ Breast Cancer Primary Tumor
SRR1313095,RNA-Seq,100,6050996100,PRJNA251383,SAMN02821126,4213921623,GEO,public,"fastq,run.zq,sra","gs,ncbi,s3","gs.us-east1,ncbi.public,s3.us-east-1",SRX559746,GSM1401681,Illumina HiSeq 2000,PAIRED,cDNA,TRANSCRIPTOMIC,Homo sapiens,ILLUMINA,2014-06-12T00:00:00Z,2014-06-02T12:54:00Z,1,GSM1401681,ER+ Breast Cancer Primary Tumor,SRP042620,ER+ Breast Cancer Primary Tumor
SRR1313096,RNA-Seq,100,6814061000,PRJNA251383,SAMN02821127,4695199227,GEO,public,"fastq,run.zq,sra","gs,ncbi,s3","gs.us-east1,ncbi.public,s3.us-east-1",SRX559747,GSM1401682,Illumina HiSeq 2000,PAIRED,cDNA,TRANSCRIPTOMIC,Homo sapiens,ILLUMINA,2014-06-12T00:00:00Z,2014-06-02T13:12:00Z,1,GSM1401682,ER+ Breast Cancer Primary Tumor,SRP042620,ER+ Breast Cancer Primary Tumor
SRR1313097,RNA-Seq,100,7161288900,PRJNA251383,SAMN02821125,4794399534,GEO,public,"fastq,run.zq,sra","gs,ncbi,s3","gs.us-east1,ncbi.public,s3.us-east-1",SRX559748,GSM1401683,Illumina HiSeq 2000,PAIRED,cDNA,TRANSCRIPTOMIC,Homo sapiens,ILLUMINA,2014-06-12T00:00:00Z,2014-06-02T12:55:00Z,1,GSM1401683,ER+ Breast Cancer Primary Tumor,SRP042620,ER+ Breast Cancer Primary Tumor
SRR1313098,RNA-Seq,100,5397061700,PRJNA251383,SAMN02821132,3708000998,GEO,public,"fastq,run.zq,sra","gs,ncbi,s3","gs.us-east1,ncbi.public,s3.us-east-1",SRX559749,GSM1401684,Illumina HiSeq 2000,PAIRED,cDNA,TRANSCRIPTOMIC,Homo sapiens,ILLUMINA,2014-06-12T00:00:00Z,2014-06-02T12:55:00Z,1,GSM1401684,ER+ Breast Cancer Primary Tumor,SRP042620,ER+ Breast Cancer Primary Tumor
SRR1313099,RNA-Seq,100,6312274900,PRJNA251383,SAMN02821129,4283117124,GEO,public,"fastq,run.zq,sra","gs,ncbi,s3","gs.us-east1,ncbi.public,s3.us-east-1",SRX559750,GSM1401685,Illumina HiSeq 2000,PAIRED,cDNA,TRANSCRIPTOMIC,Homo sapiens,ILLUMINA,2014-06-12T00:00:00Z,2014-06-02T12:54:00Z,1,GSM1401685,ER+ Breast Cancer Primary Tumor,SRP042620,ER+ Breast Cancer Primary Tumor
SRR1313100,RNA-Seq,100,6618105000,PRJNA251383,SAMN02821128,4293411906,GEO,public,"fastq,run.zq,sra","gs,ncbi,s3","gs.us-east1,ncbi.public,s3.us-east-1",SRX559751,GSM1401686,Illumina HiSeq 2000,PAIRED,cDNA,TRANSCRIPTOMIC,Homo sapiens,ILLUMINA,2014-06-12T00:00:00Z,2014-06-02T12:56:00Z,1,GSM1401686,ER+ Breast Cancer Primary Tumor,SRP042620,ER+ Breast Cancer Primary Tumor
SRR1313101,RNA-Seq,100,5894292600,PRJNA251383,SAMN02821135,3945281802,GEO,public,"fastq,run.zq,sra","gs,ncbi,s3","gs.us-east1,ncbi.public,s3.us-east-1",SRX559752,GSM1401687,Illumina HiSeq 2000,PAIRED,cDNA,TRANSCRIPTOMIC,Homo sapiens,ILLUMINA,2014-06-12T00:00:00Z,2014-06-02T12:55:00Z,1,GSM1401687,ER+ Breast Cancer Primary Tumor,SRP042620,ER+ Breast Cancer Primary Tumor
SRR1313102,RNA-Seq,100,7143748700,PRJNA251383,SAMN02821130,5060328673,GEO,public,"fastq,run.zq,sra","gs,ncbi,s3","gs.us-east1,ncbi.public,s3.us-east-1",SRX559753,GSM1401688,Illumina HiSeq 2000,PAIRED,cDNA,TRANSCRIPTOMIC,Homo sapiens,ILLUMINA,2014-06-12T00:00:00Z,2014-06-02T13:05:00Z,1,GSM1401688,ER+ Breast Cancer Primary Tumor,SRP042620,ER+ Breast Cancer Primary Tumor
SRR1313103,RNA-Seq,100,7155265300,PRJNA251383,SAMN02821131,5084457636,GEO,public,"fastq,run.zq,sra","gs,ncbi,s3","gs.us-east1,ncbi.public,s3.us-east-1",SRX559754,GSM1401689,Illumina HiSeq 2000,PAIRED,cDNA,TRANSCRIPTOMIC,Homo sapiens,ILLUMINA,2014-06-12T00:00:00Z,2014-06-02T13:01:00Z,1,GSM1401689,ER+ Breast Cancer Primary Tumor,SRP042620,ER+ Breast Cancer Primary Tumor
SRR1313104,RNA-Seq,100,5408949100,PRJNA251383,SAMN02821133,3666985705,GEO,public,"fastq,run.zq,sra","gs,ncbi,s3","gs.us-east1,ncbi.public,s3.us-east-1",SRX559755,GSM1401690,Illumina HiSeq 2000,PAIRED,cDNA,TRANSCRIPTOMIC,Homo sapiens,ILLUMINA,2014-06-12T00:00:00Z,2014-06-02T12:58:00Z,1,GSM1401690,ER+ Breast Cancer Primary Tumor,SRP042620,ER+ Breast Cancer Primary Tumor
SRR1313105,RNA-Seq,100,6387526200,PRJNA251383,SAMN02821136,4517381847,GEO,public,"fastq,run.zq,sra","gs,ncbi,s3","gs.us-east1,ncbi.public,s3.us-east-1",SRX559756,GSM1401691,Illumina HiSeq 2000,PAIRED,cDNA,TRANSCRIPTOMIC,Homo sapiens,ILLUMINA,2014-06-12T00:00:00Z,2014-06-02T13:02:00Z,1,GSM1401691,ER+ Breast Cancer Primary Tumor,SRP042620,ER+ Breast Cancer Primary Tumor
SRR1313106,RNA-Seq,100,6542578400,PRJNA251383,SAMN02821138,4630846233,GEO,public,"fastq,run.zq,sra","gs,ncbi,s3","gs.us-east1,ncbi.public,s3.us-east-1",SRX559757,GSM1401692,Illumina HiSeq 2000,PAIRED,cDNA,TRANSCRIPTOMIC,Homo sapiens,ILLUMINA,2014-06-12T00:00:00Z,2014-06-02T13:01:00Z,1,GSM1401692,ER+ Breast Cancer Primary Tumor,SRP042620,ER+ Breast Cancer Primary Tumor
SRR1313107,RNA-Seq,100,8694756800,PRJNA251383,SAMN02821134,5863678438,GEO,public,"fastq,run.zq,sra","gs,ncbi,s3","gs.us-east1,ncbi.public,s3.us-east-1",SRX559758,GSM1401693,Illumina HiSeq 2000,PAIRED,cDNA,TRANSCRIPTOMIC,Homo sapiens,ILLUMINA,2014-06-12T00:00:00Z,2014-06-02T13:10:00Z,1,GSM1401693,ER+ Breast Cancer Primary Tumor,SRP042620,ER+ Breast Cancer Primary Tumor
SRR1313108,RNA-Seq,100,5471246400,PRJNA251383,SAMN02821137,3815569030,GEO,public,"fastq,run.zq,sra","gs,ncbi,s3","gs.us-east1,ncbi.public,s3.us-east-1",SRX559759,GSM1401694,Illumina HiSeq 2000,PAIRED,cDNA,TRANSCRIPTOMIC,Homo sapiens,ILLUMINA,2014-06-12T00:00:00Z,2014-06-02T13:04:00Z,1,GSM1401694,ER+ Breast Cancer Primary Tumor,SRP042620,ER+ Breast Cancer Primary Tumor
SRR1313109,RNA-Seq,100,6376267100,PRJNA251383,SAMN02821139,4483186433,GEO,public,"fastq,run.zq,sra","gs,ncbi,s3","gs.us-east1,ncbi.public,s3.us-east-1",SRX559760,GSM1401695,Illumina HiSeq 2000,PAIRED,cDNA,TRANSCRIPTOMIC,Homo sapiens,ILLUMINA,2014-06-12T00:00:00Z,2014-06-02T13:14:00Z,1,GSM1401695,ER+ Breast Cancer Primary Tumor,SRP042620,ER+ Breast Cancer Primary Tumor
SRR1313110,RNA-Seq,100,6819561100,PRJNA251383,SAMN02821143,4764335594,GEO,public,"fastq,run.zq,sra","gs,ncbi,s3","gs.us-east1,ncbi.public,s3.us-east-1",SRX559761,GSM1401696,Illumina HiSeq 2000,PAIRED,cDNA,TRANSCRIPTOMIC,Homo sapiens,ILLUMINA,2014-06-12T00:00:00Z,2014-06-02T13:16:00Z,1,GSM1401696,ER+ Breast Cancer Primary Tumor,SRP042620,ER+ Breast Cancer Primary Tumor
SRR1313111,RNA-Seq,100,5119643500,PRJNA251383,SAMN02821141,3472612715,GEO,public,"fastq,run.zq,sra","gs,ncbi,s3","gs.us-east1,ncbi.public,s3.us-east-1",SRX559762,GSM1401697,Illumina HiSeq 2000,PAIRED,cDNA,TRANSCRIPTOMIC,Homo sapiens,ILLUMINA,2014-06-12T00:00:00Z,2014-06-02T13:11:00Z,1,GSM1401697,ER+ Breast Cancer Primary Tumor,SRP042620,ER+ Breast Cancer Primary Tumor
SRR1313112,RNA-Seq,100,5479419600,PRJNA251383,SAMN02821140,3732331443,GEO,public,"fastq,run.zq,sra","gs,ncbi,s3","gs.us-east1,ncbi.public,s3.us-east-1",SRX559763,GSM1401698,Illumina HiSeq 2000,PAIRED,cDNA,TRANSCRIPTOMIC,Homo sapiens,ILLUMINA,2014-06-12T00:00:00Z,2014-06-02T13:13:00Z,1,GSM1401698,ER+ Breast Cancer Primary Tumor,SRP042620,ER+ Breast Cancer Primary Tumor
SRR1313113,RNA-Seq,100,7086361100,PRJNA251383,SAMN02821145,4934289014,GEO,public,"fastq,run.zq,sra","gs,ncbi,s3","gs.us-east1,ncbi.public,s3.us-east-1",SRX559764,GSM1401699,Illumina HiSeq 2000,PAIRED,cDNA,TRANSCRIPTOMIC,Homo sapiens,ILLUMINA,2014-06-12T00:00:00Z,2014-06-02T13:17:00Z,1,GSM1401699,ER+ Breast Cancer Primary Tumor,SRP042620,ER+ Breast Cancer Primary Tumor
SRR1313114,RNA-Seq,100,7025243600,PRJNA251383,SAMN02821144,5024810674,GEO,public,"fastq,run.zq,sra","gs,ncbi,s3","gs.us-east1,ncbi.public,s3.us-east-1",SRX559765,GSM1401700,Illumina HiSeq 2000,PAIRED,cDNA,TRANSCRIPTOMIC,Homo sapiens,ILLUMINA,2014-06-12T00:00:00Z,2014-06-02T13:17:00Z,1,GSM1401700,ER+ Breast Cancer Primary Tumor,SRP042620,ER+ Breast Cancer Primary Tumor
SRR1313115,RNA-Seq,100,6848649600,PRJNA251383,SAMN02821142,4811646721,GEO,public,"fastq,run.zq,sra","gs,ncbi,s3","gs.us-east1,ncbi.public,s3.us-east-1",SRX559766,GSM1401701,Illumina HiSeq 2000,PAIRED,cDNA,TRANSCRIPTOMIC,Homo sapiens,ILLUMINA,2014-06-12T00:00:00Z,2014-06-02T13:18:00Z,1,GSM1401701,ER+ Breast Cancer Primary Tumor,SRP042620,ER+ Breast Cancer Primary Tumor
SRR1313116,RNA-Seq,100,6480368100,PRJNA251383,SAMN02821146,4543046987,GEO,public,"fastq,run.zq,sra","gs,ncbi,s3","gs.us-east1,ncbi.public,s3.us-east-1",SRX559767,GSM1401702,Illumina HiSeq 2000,PAIRED,cDNA,TRANSCRIPTOMIC,Homo sapiens,ILLUMINA,2014-06-12T00:00:00Z,2014-06-02T13:18:00Z,1,GSM1401702,ER+ Breast Cancer Primary Tumor,SRP042620,ER+ Breast Cancer Primary Tumor
SRR1313117,RNA-Seq,100,5843827800,PRJNA251383,SAMN02821149,4063690975,GEO,public,"fastq,run.zq,sra","gs,ncbi,s3","gs.us-east1,ncbi.public,s3.us-east-1",SRX559768,GSM1401703,Illumina HiSeq 2000,PAIRED,cDNA,TRANSCRIPTOMIC,Homo sapiens,ILLUMINA,2014-06-12T00:00:00Z,2014-06-02T13:19:00Z,1,GSM1401703,ER+ Breast Cancer Primary Tumor,SRP042620,ER+ Breast Cancer Primary Tumor
SRR1313118,RNA-Seq,100,7305208600,PRJNA251383,SAMN02821089,5110908880,GEO,public,"fastq,run.zq,sra","gs,ncbi,s3","gs.us-east1,ncbi.public,s3.us-east-1",SRX559769,GSM1401704,Illumina HiSeq 2000,PAIRED,cDNA,TRANSCRIPTOMIC,Homo sapiens,ILLUMINA,2014-06-12T00:00:00Z,2014-06-02T13:35:00Z,1,GSM1401704,ER+ Breast Cancer Primary Tumor,SRP042620,ER+ Breast Cancer Primary Tumor
SRR1313119,RNA-Seq,100,4993409000,PRJNA251383,SAMN02821092,3488091675,GEO,public,"fastq,run.zq,sra","gs,ncbi,s3","gs.us-east1,ncbi.public,s3.us-east-1",SRX559770,GSM1401705,Illumina HiSeq 2000,PAIRED,cDNA,TRANSCRIPTOMIC,Homo sapiens,ILLUMINA,2014-06-12T00:00:00Z,2014-06-02T13:18:00Z,1,GSM1401705,ER+ Breast Cancer Primary Tumor,SRP042620,ER+ Breast Cancer Primary Tumor
SRR1313120,RNA-Seq,100,7039329400,PRJNA251383,SAMN02821091,4912583378,GEO,public,"fastq,run.zq,sra","gs,ncbi,s3","gs.us-east1,ncbi.public,s3.us-east-1",SRX559771,GSM1401706,Illumina HiSeq 2000,PAIRED,cDNA,TRANSCRIPTOMIC,Homo sapiens,ILLUMINA,2014-06-12T00:00:00Z,2014-06-02T13:24:00Z,1,GSM1401706,ER+ Breast Cancer Primary Tumor,SRP042620,ER+ Breast Cancer Primary Tumor
SRR1313121,RNA-Seq,100,6235077600,PRJNA251383,SAMN02821102,4360947418,GEO,public,"fastq,run.zq,sra","gs,ncbi,s3","gs.us-east1,ncbi.public,s3.us-east-1",SRX559772,GSM1401707,Illumina HiSeq 2000,PAIRED,cDNA,TRANSCRIPTOMIC,Homo sapiens,ILLUMINA,2014-06-12T00:00:00Z,2014-06-02T13:25:00Z,1,GSM1401707,ER+ Breast Cancer Primary Tumor,SRP042620,ER+ Breast Cancer Primary Tumor
SRR1313122,RNA-Seq,100,5025346700,PRJNA251383,SAMN02821148,3353075647,GEO,public,"fastq,run.zq,sra","gs,ncbi,s3","gs.us-east1,ncbi.public,s3.us-east-1",SRX559773,GSM1401708,Illumina HiSeq 2000,PAIRED,cDNA,TRANSCRIPTOMIC,Homo sapiens,ILLUMINA,2014-06-12T00:00:00Z,2014-06-02T13:22:00Z,1,GSM1401708,ER+ Breast Cancer Primary Tumor,SRP042620,ER+ Breast Cancer Primary Tumor
SRR1313123,RNA-Seq,100,5712240400,PRJNA251383,SAMN02821147,3774074700,GEO,public,"fastq,run.zq,sra","gs,ncbi,s3","gs.us-east1,ncbi.public,s3.us-east-1",SRX559774,GSM1401709,Illumina HiSeq 2000,PAIRED,cDNA,TRANSCRIPTOMIC,Homo sapiens,ILLUMINA,2014-06-12T00:00:00Z,2014-06-02T13:26:00Z,1,GSM1401709,ER+ Breast Cancer Primary Tumor,SRP042620,ER+ Breast Cancer Primary Tumor
SRR1313124,RNA-Seq,100,5556897600,PRJNA251383,SAMN02821093,3741725977,GEO,public,"fastq,run.zq,sra","gs,ncbi,s3","gs.us-east1,ncbi.public,s3.us-east-1",SRX559775,GSM1401710,Illumina HiSeq 2000,PAIRED,cDNA,TRANSCRIPTOMIC,Homo sapiens,ILLUMINA,2014-06-12T00:00:00Z,2014-06-02T13:26:00Z,1,GSM1401710,ER+ Breast Cancer Primary Tumor,SRP042620,ER+ Breast Cancer Primary Tumor
SRR1313125,RNA-Seq,100,5583071900,PRJNA251383,SAMN02821099,3740800440,GEO,public,"fastq,run.zq,sra","gs,ncbi,s3","gs.us-east1,ncbi.public,s3.us-east-1",SRX559776,GSM1401711,Illumina HiSeq 2000,PAIRED,cDNA,TRANSCRIPTOMIC,Homo sapiens,ILLUMINA,2014-06-12T00:00:00Z,2014-06-02T13:25:00Z,1,GSM1401711,ER+ Breast Cancer Primary Tumor,SRP042620,ER+ Breast Cancer Primary Tumor
SRR1313126,RNA-Seq,100,5575948000,PRJNA251383,SAMN02821103,3756037086,GEO,public,"fastq,run.zq,sra","gs,ncbi,s3","gs.us-east1,ncbi.public,s3.us-east-1",SRX559777,GSM1401712,Illumina HiSeq 2000,PAIRED,cDNA,TRANSCRIPTOMIC,Homo sapiens,ILLUMINA,2014-06-12T00:00:00Z,2014-06-02T13:35:00Z,1,GSM1401712,ER+ Breast Cancer Primary Tumor,SRP042620,ER+ Breast Cancer Primary Tumor
SRR1313127,RNA-Seq,100,6379454100,PRJNA251383,SAMN02821094,4286386815,GEO,public,"fastq,run.zq,sra","gs,ncbi,s3","gs.us-east1,ncbi.public,s3.us-east-1",SRX559778,GSM1401713,Illumina HiSeq 2000,PAIRED,cDNA,TRANSCRIPTOMIC,Homo sapiens,ILLUMINA,2014-06-12T00:00:00Z,2014-06-02T13:38:00Z,1,GSM1401713,ER+ Breast Cancer Primary Tumor,SRP042620,ER+ Breast Cancer Primary Tumor
SRR1313128,RNA-Seq,100,6262098800,PRJNA251383,SAMN02821100,4152258378,GEO,public,"fastq,run.zq,sra","gs,ncbi,s3","gs.us-east1,ncbi.public,s3.us-east-1",SRX559779,GSM1401714,Illumina HiSeq 2000,PAIRED,cDNA,TRANSCRIPTOMIC,Homo sapiens,ILLUMINA,2014-06-12T00:00:00Z,2014-06-02T13:29:00Z,1,GSM1401714,ER+ Breast Cancer Primary Tumor,SRP042620,ER+ Breast Cancer Primary Tumor
SRR1313129,RNA-Seq,100,5074227700,PRJNA251383,SAMN02821104,3378569862,GEO,public,"fastq,run.zq,sra","gs,ncbi,s3","gs.us-east1,ncbi.public,s3.us-east-1",SRX559780,GSM1401715,Illumina HiSeq 2000,PAIRED,cDNA,TRANSCRIPTOMIC,Homo sapiens,ILLUMINA,2014-06-12T00:00:00Z,2014-06-02T13:28:00Z,1,GSM1401715,ER+ Breast Cancer Primary Tumor,SRP042620,ER+ Breast Cancer Primary Tumor
SRR1313130,RNA-Seq,100,8850986600,PRJNA251383,SAMN02821095,5972728858,GEO,public,"fastq,run.zq,sra","gs,ncbi,s3","gs.us-east1,ncbi.public,s3.us-east-1",SRX559781,GSM1401716,Illumina HiSeq 2000,PAIRED,cDNA,TRANSCRIPTOMIC,Homo sapiens,ILLUMINA,2014-06-12T00:00:00Z,2014-06-02T13:41:00Z,1,GSM1401716,ER+ Breast Cancer Primary Tumor,SRP042620,ER+ Breast Cancer Primary Tumor
SRR1313131,RNA-Seq,100,7882214300,PRJNA251383,SAMN02821109,5664420877,GEO,public,"fastq,run.zq,sra","gs,ncbi,s3","gs.us-east1,ncbi.public,s3.us-east-1",SRX559782,GSM1401717,Illumina HiSeq 2000,PAIRED,cDNA,TRANSCRIPTOMIC,Homo sapiens,ILLUMINA,2014-06-12T00:00:00Z,2014-06-02T13:43:00Z,1,GSM1401717,ER+ Breast Cancer Primary Tumor,SRP042620,ER+ Breast Cancer Primary Tumor
SRR1313132,RNA-Seq,100,7402680800,PRJNA251383,SAMN02821105,5157980157,GEO,public,"fastq,run.zq,sra","gs,ncbi,s3","gs.us-east1,ncbi.public,s3.us-east-1",SRX559783,GSM1401718,Illumina HiSeq 2000,PAIRED,cDNA,TRANSCRIPTOMIC,Homo sapiens,ILLUMINA,2014-06-12T00:00:00Z,2014-06-02T13:38:00Z,1,GSM1401718,Triple Negative Breast Cancer Primary Tumor,SRP042620,Triple Negative Breast Cancer Primary Tumor
SRR1313133,RNA-Seq,100,6642803000,PRJNA251383,SAMN02821096,4632383105,GEO,public,"fastq,run.zq,sra","gs,ncbi,s3","gs.us-east1,ncbi.public,s3.us-east-1",SRX559784,GSM1401719,Illumina HiSeq 2000,PAIRED,cDNA,TRANSCRIPTOMIC,Homo sapiens,ILLUMINA,2014-06-12T00:00:00Z,2014-06-02T13:48:00Z,1,GSM1401719,Triple Negative Breast Cancer Primary Tumor,SRP042620,Triple Negative Breast Cancer Primary Tumor
SRR1313134,RNA-Seq,100,6300717300,PRJNA251383,SAMN02821113,4392143227,GEO,public,"fastq,run.zq,sra","gs,ncbi,s3","gs.us-east1,ncbi.public,s3.us-east-1",SRX559785,GSM1401720,Illumina HiSeq 2000,PAIRED,cDNA,TRANSCRIPTOMIC,Homo sapiens,ILLUMINA,2014-06-12T00:00:00Z,2014-06-02T13:41:00Z,1,GSM1401720,Triple Negative Breast Cancer Primary Tumor,SRP042620,Triple Negative Breast Cancer Primary Tumor
SRR1313135,RNA-Seq,100,10710839200,PRJNA251383,SAMN02821107,7570943628,GEO,public,"fastq,run.zq,sra","gs,ncbi,s3","gs.us-east1,ncbi.public,s3.us-east-1",SRX559786,GSM1401721,Illumina HiSeq 2000,PAIRED,cDNA,TRANSCRIPTOMIC,Homo sapiens,ILLUMINA,2014-06-12T00:00:00Z,2014-06-02T14:13:00Z,1,GSM1401721,Triple Negative Breast Cancer Primary Tumor,SRP042620,Triple Negative Breast Cancer Primary Tumor
SRR1313136,RNA-Seq,100,5202502900,PRJNA251383,SAMN02821097,3719877643,GEO,public,"fastq,run.zq,sra","gs,ncbi,s3","gs.us-east1,ncbi.public,s3.us-east-1",SRX559787,GSM1401722,Illumina HiSeq 2000,PAIRED,cDNA,TRANSCRIPTOMIC,Homo sapiens,ILLUMINA,2014-06-12T00:00:00Z,2014-06-02T13:58:00Z,1,GSM1401722,Triple Negative Breast Cancer Primary Tumor,SRP042620,Triple Negative Breast Cancer Primary Tumor
SRR1313137,RNA-Seq,100,8139725800,PRJNA251383,SAMN02821115,5828968642,GEO,public,"fastq,run.zq,sra","gs,ncbi,s3","gs.us-east1,ncbi.public,s3.us-east-1",SRX559788,GSM1401723,Illumina HiSeq 2000,PAIRED,cDNA,TRANSCRIPTOMIC,Homo sapiens,ILLUMINA,2014-06-12T00:00:00Z,2014-06-02T14:07:00Z,1,GSM1401723,Triple Negative Breast Cancer Primary Tumor,SRP042620,Triple Negative Breast Cancer Primary Tumor
SRR1313138,RNA-Seq,100,7637605300,PRJNA251383,SAMN02821108,5471576635,GEO,public,"fastq,run.zq,sra","gs,ncbi,s3","gs.us-east1,ncbi.public,s3.us-east-1",SRX559789,GSM1401724,Illumina HiSeq 2000,PAIRED,cDNA,TRANSCRIPTOMIC,Homo sapiens,ILLUMINA,2014-06-12T00:00:00Z,2014-06-02T14:07:00Z,1,GSM1401724,Triple Negative Breast Cancer Primary Tumor,SRP042620,Triple Negative Breast Cancer Primary Tumor
SRR1313139,RNA-Seq,100,7443488900,PRJNA251383,SAMN02821098,5440481512,GEO,public,"fastq,run.zq,sra","gs,ncbi,s3","gs.us-east1,ncbi.public,s3.us-east-1",SRX559790,GSM1401725,Illumina HiSeq 2000,PAIRED,cDNA,TRANSCRIPTOMIC,Homo sapiens,ILLUMINA,2014-06-12T00:00:00Z,2014-06-02T14:11:00Z,1,GSM1401725,Triple Negative Breast Cancer Primary Tumor,SRP042620,Triple Negative Breast Cancer Primary Tumor
SRR1313140,RNA-Seq,100,8444447700,PRJNA251383,SAMN02821117,6165139434,GEO,public,"fastq,run.zq,sra","gs,ncbi,s3","gs.us-east1,ncbi.public,s3.us-east-1",SRX559791,GSM1401726,Illumina HiSeq 2000,PAIRED,cDNA,TRANSCRIPTOMIC,Homo sapiens,ILLUMINA,2014-06-12T00:00:00Z,2014-06-02T14:11:00Z,1,GSM1401726,Triple Negative Breast Cancer Primary Tumor,SRP042620,Triple Negative Breast Cancer Primary Tumor
SRR1313141,RNA-Seq,100,9013522500,PRJNA251383,SAMN02821110,6454914310,GEO,public,"fastq,run.zq,sra","gs,ncbi,s3","gs.us-east1,ncbi.public,s3.us-east-1",SRX559792,GSM1401727,Illumina HiSeq 2000,PAIRED,cDNA,TRANSCRIPTOMIC,Homo sapiens,ILLUMINA,2014-06-12T00:00:00Z,2014-06-02T14:15:00Z,1,GSM1401727,Triple Negative Breast Cancer Primary Tumor,SRP042620,Triple Negative Breast Cancer Primary Tumor
SRR1313142,RNA-Seq,100,8913224500,PRJNA251383,SAMN02821101,6427969427,GEO,public,"fastq,run.zq,sra","gs,ncbi,s3","gs.us-east1,ncbi.public,s3.us-east-1",SRX559793,GSM1401728,Illumina HiSeq 2000,PAIRED,cDNA,TRANSCRIPTOMIC,Homo sapiens,ILLUMINA,2014-06-12T00:00:00Z,2014-06-02T14:09:00Z,1,GSM1401728,Triple Negative Breast Cancer Primary Tumor,SRP042620,Triple Negative Breast Cancer Primary Tumor
SRR1313143,RNA-Seq,100,9484317300,PRJNA251383,SAMN02821118,6716256997,GEO,public,"fastq,run.zq,sra","gs,ncbi,s3","gs.us-east1,ncbi.public,s3.us-east-1",SRX559794,GSM1401729,Illumina HiSeq 2000,PAIRED,cDNA,TRANSCRIPTOMIC,Homo sapiens,ILLUMINA,2014-06-12T00:00:00Z,2014-06-02T14:13:00Z,1,GSM1401729,Triple Negative Breast Cancer Primary Tumor,SRP042620,Triple Negative Breast Cancer Primary Tumor
SRR1313144,RNA-Seq,100,8551243000,PRJNA251383,SAMN02821111,6090485027,GEO,public,"fastq,run.zq,sra","gs,ncbi,s3","gs.us-east1,ncbi.public,s3.us-east-1",SRX559795,GSM1401730,Illumina HiSeq 2000,PAIRED,cDNA,TRANSCRIPTOMIC,Homo sapiens,ILLUMINA,2014-06-12T00:00:00Z,2014-06-02T14:11:00Z,1,GSM1401730,Triple Negative Breast Cancer Primary Tumor,SRP042620,Triple Negative Breast Cancer Primary Tumor
SRR1313145,RNA-Seq,100,8162055200,PRJNA251383,SAMN02821106,5814547892,GEO,public,"fastq,run.zq,sra","gs,ncbi,s3","gs.us-east1,ncbi.public,s3.us-east-1",SRX559796,GSM1401731,Illumina HiSeq 2000,PAIRED,cDNA,TRANSCRIPTOMIC,Homo sapiens,ILLUMINA,2014-06-12T00:00:00Z,2014-06-02T14:12:00Z,1,GSM1401731,Triple Negative Breast Cancer Primary Tumor,SRP042620,Triple Negative Breast Cancer Primary Tumor
SRR1313146,RNA-Seq,100,6929576900,PRJNA251383,SAMN02821120,4805192670,GEO,public,"fastq,run.zq,sra","gs,ncbi,s3","gs.us-east1,ncbi.public,s3.us-east-1",SRX559797,GSM1401732,Illumina HiSeq 2000,PAIRED,cDNA,TRANSCRIPTOMIC,Homo sapiens,ILLUMINA,2014-06-12T00:00:00Z,2014-06-02T14:11:00Z,1,GSM1401732,Triple Negative Breast Cancer Primary Tumor,SRP042620,Triple Negative Breast Cancer Primary Tumor
SRR1313147,RNA-Seq,100,8797512900,PRJNA251383,SAMN02821116,6117060126,GEO,public,"fastq,run.zq,sra","gs,ncbi,s3","gs.us-east1,ncbi.public,s3.us-east-1",SRX559798,GSM1401733,Illumina HiSeq 2000,PAIRED,cDNA,TRANSCRIPTOMIC,Homo sapiens,ILLUMINA,2014-06-12T00:00:00Z,2014-06-02T14:14:00Z,1,GSM1401733,Triple Negative Breast Cancer Primary Tumor,SRP042620,Triple Negative Breast Cancer Primary Tumor
SRR1313148,RNA-Seq,100,8424237300,PRJNA251383,SAMN02821112,5847480097,GEO,public,"fastq,run.zq,sra","gs,ncbi,s3","gs.us-east1,ncbi.public,s3.us-east-1",SRX559799,GSM1401734,Illumina HiSeq 2000,PAIRED,cDNA,TRANSCRIPTOMIC,Homo sapiens,ILLUMINA,2014-06-12T00:00:00Z,2014-06-02T14:20:00Z,1,GSM1401734,Triple Negative Breast Cancer Primary Tumor,SRP042620,Triple Negative Breast Cancer Primary Tumor
SRR1313149,RNA-Seq,100,6864955200,PRJNA251383,SAMN02821121,4673905624,GEO,public,"fastq,run.zq,sra","gs,ncbi,s3","gs.us-east1,ncbi.public,s3.us-east-1",SRX559800,GSM1401735,Illumina HiSeq 2000,PAIRED,cDNA,TRANSCRIPTOMIC,Homo sapiens,ILLUMINA,2014-06-12T00:00:00Z,2014-06-02T14:08:00Z,1,GSM1401735,Triple Negative Breast Cancer Primary Tumor,SRP042620,Triple Negative Breast Cancer Primary Tumor
SRR1313150,RNA-Seq,100,8620496000,PRJNA251383,SAMN02821061,5938339808,GEO,public,"fastq,run.zq,sra","gs,ncbi,s3","gs.us-east1,ncbi.public,s3.us-east-1",SRX559801,GSM1401736,Illumina HiSeq 2000,PAIRED,cDNA,TRANSCRIPTOMIC,Homo sapiens,ILLUMINA,2014-06-12T00:00:00Z,2014-06-02T14:19:00Z,1,GSM1401736,Triple Negative Breast Cancer Primary Tumor,SRP042620,Triple Negative Breast Cancer Primary Tumor
SRR1313151,RNA-Seq,100,7861568200,PRJNA251383,SAMN02821071,5413040714,GEO,public,"fastq,run.zq,sra","gs,ncbi,s3","gs.us-east1,ncbi.public,s3.us-east-1",SRX559802,GSM1401737,Illumina HiSeq 2000,PAIRED,cDNA,TRANSCRIPTOMIC,Homo sapiens,ILLUMINA,2014-06-12T00:00:00Z,2014-06-02T14:27:00Z,1,GSM1401737,Triple Negative Breast Cancer Primary Tumor,SRP042620,Triple Negative Breast Cancer Primary Tumor
SRR1313152,RNA-Seq,100,7333050800,PRJNA251383,SAMN02821060,5024796065,GEO,public,"fastq,run.zq,sra","gs,ncbi,s3","gs.us-east1,ncbi.public,s3.us-east-1",SRX559803,GSM1401738,Illumina HiSeq 2000,PAIRED,cDNA,TRANSCRIPTOMIC,Homo sapiens,ILLUMINA,2014-06-12T00:00:00Z,2014-06-02T14:16:00Z,1,GSM1401738,Triple Negative Breast Cancer Primary Tumor,SRP042620,Triple Negative Breast Cancer Primary Tumor
SRR1313153,RNA-Seq,100,8263253000,PRJNA251383,SAMN02821049,5627953193,GEO,public,"fastq,run.zq,sra","gs,ncbi,s3","gs.us-east1,ncbi.public,s3.us-east-1",SRX559804,GSM1401739,Illumina HiSeq 2000,PAIRED,cDNA,TRANSCRIPTOMIC,Homo sapiens,ILLUMINA,2014-06-12T00:00:00Z,2014-06-02T14:19:00Z,1,GSM1401739,Triple Negative Breast Cancer Primary Tumor,SRP042620,Triple Negative Breast Cancer Primary Tumor
SRR1313154,RNA-Seq,100,7610851200,PRJNA251383,SAMN02821068,5198577310,GEO,public,"fastq,run.zq,sra","gs,ncbi,s3","gs.us-east1,ncbi.public,s3.us-east-1",SRX559805,GSM1401740,Illumina HiSeq 2000,PAIRED,cDNA,TRANSCRIPTOMIC,Homo sapiens,ILLUMINA,2014-06-12T00:00:00Z,2014-06-02T14:25:00Z,1,GSM1401740,Triple Negative Breast Cancer Primary Tumor,SRP042620,Triple Negative Breast Cancer Primary Tumor
SRR1313155,RNA-Seq,100,7864064200,PRJNA251383,SAMN02821063,5549557120,GEO,public,"fastq,run.zq,sra","gs,ncbi,s3","gs.us-east1,ncbi.public,s3.us-east-1",SRX559806,GSM1401741,Illumina HiSeq 2000,PAIRED,cDNA,TRANSCRIPTOMIC,Homo sapiens,ILLUMINA,2014-06-12T00:00:00Z,2014-06-02T14:17:00Z,1,GSM1401741,Triple Negative Breast Cancer Primary Tumor,SRP042620,Triple Negative Breast Cancer Primary Tumor
SRR1313156,RNA-Seq,100,8792308900,PRJNA251383,SAMN02821053,6201233931,GEO,public,"fastq,run.zq,sra","gs,ncbi,s3","gs.us-east1,ncbi.public,s3.us-east-1",SRX559807,GSM1401742,Illumina HiSeq 2000,PAIRED,cDNA,TRANSCRIPTOMIC,Homo sapiens,ILLUMINA,2014-06-12T00:00:00Z,2014-06-02T14:40:00Z,1,GSM1401742,Triple Negative Breast Cancer Primary Tumor,SRP042620,Triple Negative Breast Cancer Primary Tumor
SRR1313157,RNA-Seq,100,11244269200,PRJNA251383,SAMN02821069,7955170698,GEO,public,"fastq,run.zq,sra","gs,ncbi,s3","gs.us-east1,ncbi.public,s3.us-east-1",SRX559808,GSM1401743,Illumina HiSeq 2000,PAIRED,cDNA,TRANSCRIPTOMIC,Homo sapiens,ILLUMINA,2014-06-12T00:00:00Z,2014-06-02T14:27:00Z,1,GSM1401743,Triple Negative Breast Cancer Primary Tumor,SRP042620,Triple Negative Breast Cancer Primary Tumor
SRR1313158,RNA-Seq,100,8658199400,PRJNA251383,SAMN02821064,6073707757,GEO,public,"fastq,run.zq,sra","gs,ncbi,s3","gs.us-east1,ncbi.public,s3.us-east-1",SRX559809,GSM1401744,Illumina HiSeq 2000,PAIRED,cDNA,TRANSCRIPTOMIC,Homo sapiens,ILLUMINA,2014-06-12T00:00:00Z,2014-06-02T14:20:00Z,1,GSM1401744,Triple Negative Breast Cancer Primary Tumor,SRP042620,Triple Negative Breast Cancer Primary Tumor
SRR1313159,RNA-Seq,100,10781629600,PRJNA251383,SAMN02821067,7442327064,GEO,public,"fastq,run.zq,sra","gs,ncbi,s3","gs.us-east1,ncbi.public,s3.us-east-1",SRX559810,GSM1401745,Illumina HiSeq 2000,PAIRED,cDNA,TRANSCRIPTOMIC,Homo sapiens,ILLUMINA,2014-06-12T00:00:00Z,2014-06-02T14:35:00Z,1,GSM1401745,Triple Negative Breast Cancer Primary Tumor,SRP042620,Triple Negative Breast Cancer Primary Tumor
SRR1313160,RNA-Seq,100,6615396300,PRJNA251383,SAMN02821066,4552242562,GEO,public,"fastq,run.zq,sra","gs,ncbi,s3","gs.us-east1,ncbi.public,s3.us-east-1",SRX559811,GSM1401746,Illumina HiSeq 2000,PAIRED,cDNA,TRANSCRIPTOMIC,Homo sapiens,ILLUMINA,2014-06-12T00:00:00Z,2014-06-02T14:20:00Z,1,GSM1401746,Triple Negative Breast Cancer Primary Tumor,SRP042620,Triple Negative Breast Cancer Primary Tumor
SRR1313161,RNA-Seq,100,7124315800,PRJNA251383,SAMN02821072,4894436757,GEO,public,"fastq,run.zq,sra","gs,ncbi,s3","gs.us-east1,ncbi.public,s3.us-east-1",SRX559812,GSM1401747,Illumina HiSeq 2000,PAIRED,cDNA,TRANSCRIPTOMIC,Homo sapiens,ILLUMINA,2014-06-12T00:00:00Z,2014-06-02T14:26:00Z,1,GSM1401747,Triple Negative Breast Cancer Primary Tumor,SRP042620,Triple Negative Breast Cancer Primary Tumor
SRR1313162,RNA-Seq,100,6760335200,PRJNA251383,SAMN02821074,4647342618,GEO,public,"fastq,run.zq,sra","gs,ncbi,s3","gs.us-east1,ncbi.public,s3.us-east-1",SRX559813,GSM1401748,Illumina HiSeq 2000,PAIRED,cDNA,TRANSCRIPTOMIC,Homo sapiens,ILLUMINA,2014-06-12T00:00:00Z,2014-06-02T14:21:00Z,1,GSM1401748,Triple Negative Breast Cancer Primary Tumor,SRP042620,Triple Negative Breast Cancer Primary Tumor
SRR1313163,RNA-Seq,100,6076628400,PRJNA251383,SAMN02821070,4159091823,GEO,public,"fastq,run.zq,sra","gs,ncbi,s3","gs.us-east1,ncbi.public,s3.us-east-1",SRX559814,GSM1401749,Illumina HiSeq 2000,PAIRED,cDNA,TRANSCRIPTOMIC,Homo sapiens,ILLUMINA,2014-06-12T00:00:00Z,2014-06-02T14:21:00Z,1,GSM1401749,Triple Negative Breast Cancer Primary Tumor,SRP042620,Triple Negative Breast Cancer Primary Tumor
SRR1313164,RNA-Seq,100,5222635700,PRJNA251383,SAMN02821073,3469222114,GEO,public,"fastq,run.zq,sra","gs,ncbi,s3","gs.us-east1,ncbi.public,s3.us-east-1",SRX559815,GSM1401750,Illumina HiSeq 2000,PAIRED,cDNA,TRANSCRIPTOMIC,Homo sapiens,ILLUMINA,2014-06-12T00:00:00Z,2014-06-02T14:24:00Z,1,GSM1401750,Triple Negative Breast Cancer Primary Tumor,SRP042620,Triple Negative Breast Cancer Primary Tumor
SRR1313165,RNA-Seq,100,8267410600,PRJNA251383,SAMN02821075,5684370827,GEO,public,"fastq,run.zq,sra","gs,ncbi,s3","gs.us-east1,ncbi.public,s3.us-east-1",SRX559816,GSM1401751,Illumina HiSeq 2000,PAIRED,cDNA,TRANSCRIPTOMIC,Homo sapiens,ILLUMINA,2014-06-12T00:00:00Z,2014-06-02T14:33:00Z,1,GSM1401751,Triple Negative Breast Cancer Primary Tumor,SRP042620,Triple Negative Breast Cancer Primary Tumor
SRR1313166,RNA-Seq,100,7106080300,PRJNA251383,SAMN02821077,4890235058,GEO,public,"fastq,run.zq,sra","gs,ncbi,s3","gs.us-east1,ncbi.public,s3.us-east-1",SRX559817,GSM1401752,Illumina HiSeq 2000,PAIRED,cDNA,TRANSCRIPTOMIC,Homo sapiens,ILLUMINA,2014-06-12T00:00:00Z,2014-06-02T14:34:00Z,1,GSM1401752,Triple Negative Breast Cancer Primary Tumor,SRP042620,Triple Negative Breast Cancer Primary Tumor
SRR1313167,RNA-Seq,100,7522074700,PRJNA251383,SAMN02821079,5213364820,GEO,public,"fastq,run.zq,sra","gs,ncbi,s3","gs.us-east1,ncbi.public,s3.us-east-1",SRX559818,GSM1401753,Illumina HiSeq 2000,PAIRED,cDNA,TRANSCRIPTOMIC,Homo sapiens,ILLUMINA,2014-06-12T00:00:00Z,2014-06-02T14:32:00Z,1,GSM1401753,Triple Negative Breast Cancer Primary Tumor,SRP042620,Triple Negative Breast Cancer Primary Tumor
SRR1313168,RNA-Seq,100,4971937300,PRJNA251383,SAMN02821076,3369280505,GEO,public,"fastq,run.zq,sra","gs,ncbi,s3","gs.us-east1,ncbi.public,s3.us-east-1",SRX559819,GSM1401754,Illumina HiSeq 2000,PAIRED,cDNA,TRANSCRIPTOMIC,Homo sapiens,ILLUMINA,2014-06-12T00:00:00Z,2014-06-02T14:40:00Z,1,GSM1401754,Triple Negative Breast Cancer Primary Tumor,SRP042620,Triple Negative Breast Cancer Primary Tumor
SRR1313169,RNA-Seq,100,5657112300,PRJNA251383,SAMN02821078,3834826596,GEO,public,"fastq,run.zq,sra","gs,ncbi,s3","gs.us-east1,ncbi.public,s3.us-east-1",SRX559820,GSM1401755,Illumina HiSeq 2000,PAIRED,cDNA,TRANSCRIPTOMIC,Homo sapiens,ILLUMINA,2014-06-12T00:00:00Z,2014-06-02T14:56:00Z,1,GSM1401755,Triple Negative Breast Cancer Primary Tumor,SRP042620,Triple Negative Breast Cancer Primary Tumor
SRR1313170,RNA-Seq,100,4819960700,PRJNA251383,SAMN02821080,3353330170,GEO,public,"fastq,run.zq,sra","gs,ncbi,s3","gs.us-east1,ncbi.public,s3.us-east-1",SRX559821,GSM1401756,Illumina HiSeq 2000,PAIRED,cDNA,TRANSCRIPTOMIC,Homo sapiens,ILLUMINA,2014-06-12T00:00:00Z,2014-06-02T14:36:00Z,1,GSM1401756,Triple Negative Breast Cancer Primary Tumor,SRP042620,Triple Negative Breast Cancer Primary Tumor
SRR1313171,RNA-Seq,100,4467249400,PRJNA251383,SAMN02821083,3133972399,GEO,public,"fastq,run.zq,sra","gs,ncbi,s3","gs.us-east1,ncbi.public,s3.us-east-1",SRX559822,GSM1401757,Illumina HiSeq 2000,PAIRED,cDNA,TRANSCRIPTOMIC,Homo sapiens,ILLUMINA,2014-06-12T00:00:00Z,2014-06-02T14:38:00Z,1,GSM1401757,Triple Negative Breast Cancer Primary Tumor,SRP042620,Triple Negative Breast Cancer Primary Tumor
SRR1313172,RNA-Seq,100,5020820800,PRJNA251383,SAMN02821081,3550043707,GEO,public,"fastq,run.zq,sra","gs,ncbi,s3","gs.us-east1,ncbi.public,s3.us-east-1",SRX559823,GSM1401758,Illumina HiSeq 2000,PAIRED,cDNA,TRANSCRIPTOMIC,Homo sapiens,ILLUMINA,2014-06-12T00:00:00Z,2014-06-02T14:39:00Z,1,GSM1401758,Triple Negative Breast Cancer Primary Tumor,SRP042620,Triple Negative Breast Cancer Primary Tumor
SRR1313173,RNA-Seq,100,5239061600,PRJNA251383,SAMN02821082,3725973110,GEO,public,"fastq,run.zq,sra","gs,ncbi,s3","gs.us-east1,ncbi.public,s3.us-east-1",SRX559824,GSM1401759,Illumina HiSeq 2000,PAIRED,cDNA,TRANSCRIPTOMIC,Homo sapiens,ILLUMINA,2014-06-12T00:00:00Z,2014-06-02T14:42:00Z,1,GSM1401759,Triple Negative Breast Cancer Primary Tumor,SRP042620,Triple Negative Breast Cancer Primary Tumor
SRR1313174,RNA-Seq,100,4818795400,PRJNA251383,SAMN02821084,3246624111,GEO,public,"fastq,run.zq,sra","gs,ncbi,s3","gs.us-east1,ncbi.public,s3.us-east-1",SRX559825,GSM1401760,Illumina HiSeq 2000,PAIRED,cDNA,TRANSCRIPTOMIC,Homo sapiens,ILLUMINA,2014-06-12T00:00:00Z,2014-06-02T12:36:00Z,1,GSM1401760,Uninvolved Breast Tissue Adjacent to ER+ Primary Tumor,SRP042620,Uninvolved Breast Tissue Adjacent to ER+ Primary Tumor
SRR1313175,RNA-Seq,100,6054753300,PRJNA251383,SAMN02821086,4251093975,GEO,public,"fastq,run.zq,sra","gs,ncbi,s3","gs.us-east1,ncbi.public,s3.us-east-1",SRX559826,GSM1401761,Illumina HiSeq 2000,PAIRED,cDNA,TRANSCRIPTOMIC,Homo sapiens,ILLUMINA,2014-06-12T00:00:00Z,2014-06-02T12:41:00Z,1,GSM1401761,Uninvolved Breast Tissue Adjacent to ER+ Primary Tumor,SRP042620,Uninvolved Breast Tissue Adjacent to ER+ Primary Tumor
SRR1313176,RNA-Seq,100,7000360500,PRJNA251383,SAMN02821087,4918677012,GEO,public,"fastq,run.zq,sra","gs,ncbi,s3","gs.us-east1,ncbi.public,s3.us-east-1",SRX559827,GSM1401762,Illumina HiSeq 2000,PAIRED,cDNA,TRANSCRIPTOMIC,Homo sapiens,ILLUMINA,2014-06-12T00:00:00Z,2014-06-02T12:52:00Z,1,GSM1401762,Uninvolved Breast Tissue Adjacent to ER+ Primary Tumor,SRP042620,Uninvolved Breast Tissue Adjacent to ER+ Primary Tumor
SRR1313177,RNA-Seq,100,5503201700,PRJNA251383,SAMN02821090,3758937219,GEO,public,"fastq,run.zq,sra","gs,ncbi,s3","gs.us-east1,ncbi.public,s3.us-east-1",SRX559828,GSM1401763,Illumina HiSeq 2000,PAIRED,cDNA,TRANSCRIPTOMIC,Homo sapiens,ILLUMINA,2014-06-12T00:00:00Z,2014-06-02T12:43:00Z,1,GSM1401763,Uninvolved Breast Tissue Adjacent to ER+ Primary Tumor,SRP042620,Uninvolved Breast Tissue Adjacent to ER+ Primary Tumor
SRR1313178,RNA-Seq,100,6726828600,PRJNA251383,SAMN02821029,4676916944,GEO,public,"fastq,run.zq,sra","gs,ncbi,s3","gs.us-east1,ncbi.public,s3.us-east-1",SRX559829,GSM1401764,Illumina HiSeq 2000,PAIRED,cDNA,TRANSCRIPTOMIC,Homo sapiens,ILLUMINA,2014-06-12T00:00:00Z,2014-06-02T12:48:00Z,1,GSM1401764,Uninvolved Breast Tissue Adjacent to ER+ Primary Tumor,SRP042620,Uninvolved Breast Tissue Adjacent to ER+ Primary Tumor
SRR1313179,RNA-Seq,100,4399791800,PRJNA251383,SAMN02821031,2940915922,GEO,public,"fastq,run.zq,sra","gs,ncbi,s3","gs.us-east1,ncbi.public,s3.us-east-1",SRX559830,GSM1401765,Illumina HiSeq 2000,PAIRED,cDNA,TRANSCRIPTOMIC,Homo sapiens,ILLUMINA,2014-06-12T00:00:00Z,2014-06-02T12:46:00Z,1,GSM1401765,Uninvolved Breast Tissue Adjacent to ER+ Primary Tumor,SRP042620,Uninvolved Breast Tissue Adjacent to ER+ Primary Tumor
SRR1313180,RNA-Seq,100,4947786100,PRJNA251383,SAMN02821033,3325643544,GEO,public,"fastq,run.zq,sra","gs,ncbi,s3","gs.us-east1,ncbi.public,s3.us-east-1",SRX559831,GSM1401766,Illumina HiSeq 2000,PAIRED,cDNA,TRANSCRIPTOMIC,Homo sapiens,ILLUMINA,2014-06-12T00:00:00Z,2014-06-02T12:49:00Z,1,GSM1401766,Uninvolved Breast Tissue Adjacent to ER+ Primary Tumor,SRP042620,Uninvolved Breast Tissue Adjacent to ER+ Primary Tumor
SRR1313181,RNA-Seq,100,6405194000,PRJNA251383,SAMN02821034,4387609061,GEO,public,"fastq,run.zq,sra","gs,ncbi,s3","gs.us-east1,ncbi.public,s3.us-east-1",SRX559832,GSM1401767,Illumina HiSeq 2000,PAIRED,cDNA,TRANSCRIPTOMIC,Homo sapiens,ILLUMINA,2014-06-12T00:00:00Z,2014-06-02T12:51:00Z,1,GSM1401767,Uninvolved Breast Tissue Adjacent to ER+ Primary Tumor,SRP042620,Uninvolved Breast Tissue Adjacent to ER+ Primary Tumor
SRR1313182,RNA-Seq,100,6489166900,PRJNA251383,SAMN02821088,4203618060,GEO,public,"fastq,run.zq,sra","gs,ncbi,s3","gs.us-east1,ncbi.public,s3.us-east-1",SRX559833,GSM1401768,Illumina HiSeq 2000,PAIRED,cDNA,TRANSCRIPTOMIC,Homo sapiens,ILLUMINA,2014-06-12T00:00:00Z,2014-06-02T12:55:00Z,1,GSM1401768,Uninvolved Breast Tissue Adjacent to ER+ Primary Tumor,SRP042620,Uninvolved Breast Tissue Adjacent to ER+ Primary Tumor
SRR1313183,RNA-Seq,100,5045688800,PRJNA251383,SAMN02821085,3352808561,GEO,public,"fastq,run.zq,sra","gs,ncbi,s3","gs.us-east1,ncbi.public,s3.us-east-1",SRX559834,GSM1401769,Illumina HiSeq 2000,PAIRED,cDNA,TRANSCRIPTOMIC,Homo sapiens,ILLUMINA,2014-06-12T00:00:00Z,2014-06-02T12:55:00Z,1,GSM1401769,Uninvolved Breast Tissue Adjacent to ER+ Primary Tumor,SRP042620,Uninvolved Breast Tissue Adjacent to ER+ Primary Tumor
SRR1313184,RNA-Seq,100,6099837600,PRJNA251383,SAMN02821032,4326260833,GEO,public,"fastq,run.zq,sra","gs,ncbi,s3","gs.us-east1,ncbi.public,s3.us-east-1",SRX559835,GSM1401770,Illumina HiSeq 2000,PAIRED,cDNA,TRANSCRIPTOMIC,Homo sapiens,ILLUMINA,2014-06-12T00:00:00Z,2014-06-02T13:04:00Z,1,GSM1401770,Uninvolved Breast Tissue Adjacent to ER+ Primary Tumor,SRP042620,Uninvolved Breast Tissue Adjacent to ER+ Primary Tumor
SRR1313185,RNA-Seq,100,5405330900,PRJNA251383,SAMN02821035,3661244678,GEO,public,"fastq,run.zq,sra","gs,ncbi,s3","gs.us-east1,ncbi.public,s3.us-east-1",SRX559836,GSM1401771,Illumina HiSeq 2000,PAIRED,cDNA,TRANSCRIPTOMIC,Homo sapiens,ILLUMINA,2014-06-12T00:00:00Z,2014-06-02T12:59:00Z,1,GSM1401771,Uninvolved Breast Tissue Adjacent to ER+ Primary Tumor,SRP042620,Uninvolved Breast Tissue Adjacent to ER+ Primary Tumor
SRR1313186,RNA-Seq,100,5780902600,PRJNA251383,SAMN02821036,3917714705,GEO,public,"fastq,run.zq,sra","gs,ncbi,s3","gs.us-east1,ncbi.public,s3.us-east-1",SRX559837,GSM1401772,Illumina HiSeq 2000,PAIRED,cDNA,TRANSCRIPTOMIC,Homo sapiens,ILLUMINA,2014-06-12T00:00:00Z,2014-06-02T13:01:00Z,1,GSM1401772,Uninvolved Breast Tissue Adjacent to ER+ Primary Tumor,SRP042620,Uninvolved Breast Tissue Adjacent to ER+ Primary Tumor
SRR1313187,RNA-Seq,100,7158322500,PRJNA251383,SAMN02821039,5061510539,GEO,public,"fastq,run.zq,sra","gs,ncbi,s3","gs.us-east1,ncbi.public,s3.us-east-1",SRX559838,GSM1401773,Illumina HiSeq 2000,PAIRED,cDNA,TRANSCRIPTOMIC,Homo sapiens,ILLUMINA,2014-06-12T00:00:00Z,2014-06-02T13:07:00Z,1,GSM1401773,Uninvolved Breast Tissue Adjacent to ER+ Primary Tumor,SRP042620,Uninvolved Breast Tissue Adjacent to ER+ Primary Tumor
SRR1313188,RNA-Seq,100,5707170300,PRJNA251383,SAMN02821037,3815172070,GEO,public,"fastq,run.zq,sra","gs,ncbi,s3","gs.us-east1,ncbi.public,s3.us-east-1",SRX559839,GSM1401774,Illumina HiSeq 2000,PAIRED,cDNA,TRANSCRIPTOMIC,Homo sapiens,ILLUMINA,2014-06-12T00:00:00Z,2014-06-02T13:05:00Z,1,GSM1401774,Uninvolved Breast Tissue Adjacent to ER+ Primary Tumor,SRP042620,Uninvolved Breast Tissue Adjacent to ER+ Primary Tumor
SRR1313189,RNA-Seq,100,7316747400,PRJNA251383,SAMN02821038,5116916173,GEO,public,"fastq,run.zq,sra","gs,ncbi,s3","gs.us-east1,ncbi.public,s3.us-east-1",SRX559840,GSM1401775,Illumina HiSeq 2000,PAIRED,cDNA,TRANSCRIPTOMIC,Homo sapiens,ILLUMINA,2014-06-12T00:00:00Z,2014-06-02T13:08:00Z,1,GSM1401775,Uninvolved Breast Tissue Adjacent to ER+ Primary Tumor,SRP042620,Uninvolved Breast Tissue Adjacent to ER+ Primary Tumor
SRR1313190,RNA-Seq,100,6049026000,PRJNA251383,SAMN02821040,4238377533,GEO,public,"fastq,run.zq,sra","gs,ncbi,s3","gs.us-east1,ncbi.public,s3.us-east-1",SRX559841,GSM1401776,Illumina HiSeq 2000,PAIRED,cDNA,TRANSCRIPTOMIC,Homo sapiens,ILLUMINA,2014-06-12T00:00:00Z,2014-06-02T13:15:00Z,1,GSM1401776,Uninvolved Breast Tissue Adjacent to ER+ Primary Tumor,SRP042620,Uninvolved Breast Tissue Adjacent to ER+ Primary Tumor
SRR1313191,RNA-Seq,100,6015515900,PRJNA251383,SAMN02821042,4207303379,GEO,public,"fastq,run.zq,sra","gs,ncbi,s3","gs.us-east1,ncbi.public,s3.us-east-1",SRX559842,GSM1401777,Illumina HiSeq 2000,PAIRED,cDNA,TRANSCRIPTOMIC,Homo sapiens,ILLUMINA,2014-06-12T00:00:00Z,2014-06-02T13:12:00Z,1,GSM1401777,Uninvolved Breast Tissue Adjacent to ER+ Primary Tumor,SRP042620,Uninvolved Breast Tissue Adjacent to ER+ Primary Tumor
SRR1313192,RNA-Seq,100,6051522600,PRJNA251383,SAMN02821041,4146232565,GEO,public,"fastq,run.zq,sra","gs,ncbi,s3","gs.us-east1,ncbi.public,s3.us-east-1",SRX559843,GSM1401778,Illumina HiSeq 2000,PAIRED,cDNA,TRANSCRIPTOMIC,Homo sapiens,ILLUMINA,2014-06-12T00:00:00Z,2014-06-02T13:12:00Z,1,GSM1401778,Uninvolved Breast Tissue Adjacent to ER+ Primary Tumor,SRP042620,Uninvolved Breast Tissue Adjacent to ER+ Primary Tumor
SRR1313193,RNA-Seq,100,6233135100,PRJNA251383,SAMN02821044,4350752067,GEO,public,"fastq,run.zq,sra","gs,ncbi,s3","gs.us-east1,ncbi.public,s3.us-east-1",SRX559844,GSM1401779,Illumina HiSeq 2000,PAIRED,cDNA,TRANSCRIPTOMIC,Homo sapiens,ILLUMINA,2014-06-12T00:00:00Z,2014-06-02T13:13:00Z,1,GSM1401779,Uninvolved Breast Tissue Adjacent to ER+ Primary Tumor,SRP042620,Uninvolved Breast Tissue Adjacent to ER+ Primary Tumor
SRR1313194,RNA-Seq,100,5296705700,PRJNA251383,SAMN02821043,3694223574,GEO,public,"fastq,run.zq,sra","gs,ncbi,s3","gs.us-east1,ncbi.public,s3.us-east-1",SRX559845,GSM1401780,Illumina HiSeq 2000,PAIRED,cDNA,TRANSCRIPTOMIC,Homo sapiens,ILLUMINA,2014-06-12T00:00:00Z,2014-06-02T13:16:00Z,1,GSM1401780,Uninvolved Breast Tissue Adjacent to ER+ Primary Tumor,SRP042620,Uninvolved Breast Tissue Adjacent to ER+ Primary Tumor
SRR1313195,RNA-Seq,100,6833149200,PRJNA251383,SAMN02821055,4904697314,GEO,public,"fastq,run.zq,sra","gs,ncbi,s3","gs.us-east1,ncbi.public,s3.us-east-1",SRX559846,GSM1401781,Illumina HiSeq 2000,PAIRED,cDNA,TRANSCRIPTOMIC,Homo sapiens,ILLUMINA,2014-06-12T00:00:00Z,2014-06-02T13:17:00Z,1,GSM1401781,Uninvolved Breast Tissue Adjacent to ER+ Primary Tumor,SRP042620,Uninvolved Breast Tissue Adjacent to ER+ Primary Tumor
SRR1313196,RNA-Seq,100,6813228400,PRJNA251383,SAMN02821045,4818032906,GEO,public,"fastq,run.zq,sra","gs,ncbi,s3","gs.us-east1,ncbi.public,s3.us-east-1",SRX559847,GSM1401782,Illumina HiSeq 2000,PAIRED,cDNA,TRANSCRIPTOMIC,Homo sapiens,ILLUMINA,2014-06-12T00:00:00Z,2014-06-02T13:21:00Z,1,GSM1401782,Uninvolved Breast Tissue Adjacent to ER+ Primary Tumor,SRP042620,Uninvolved Breast Tissue Adjacent to ER+ Primary Tumor
SRR1313197,RNA-Seq,100,5969901800,PRJNA251383,SAMN02821052,4193802295,GEO,public,"fastq,run.zq,sra","gs,ncbi,s3","gs.us-east1,ncbi.public,s3.us-east-1",SRX559848,GSM1401783,Illumina HiSeq 2000,PAIRED,cDNA,TRANSCRIPTOMIC,Homo sapiens,ILLUMINA,2014-06-12T00:00:00Z,2014-06-02T13:21:00Z,1,GSM1401783,Uninvolved Breast Tissue Adjacent to ER+ Primary Tumor,SRP042620,Uninvolved Breast Tissue Adjacent to ER+ Primary Tumor
SRR1313198,RNA-Seq,100,5517003100,PRJNA251383,SAMN02821054,3684394700,GEO,public,"fastq,run.zq,sra","gs,ncbi,s3","gs.us-east1,ncbi.public,s3.us-east-1",SRX559849,GSM1401784,Illumina HiSeq 2000,PAIRED,cDNA,TRANSCRIPTOMIC,Homo sapiens,ILLUMINA,2014-06-12T00:00:00Z,2014-06-02T13:24:00Z,1,GSM1401784,Uninvolved Breast Tissue Adjacent to ER+ Primary Tumor,SRP042620,Uninvolved Breast Tissue Adjacent to ER+ Primary Tumor
SRR1313199,RNA-Seq,100,5858030300,PRJNA251383,SAMN02821046,3952022159,GEO,public,"fastq,run.zq,sra","gs,ncbi,s3","gs.us-east1,ncbi.public,s3.us-east-1",SRX559850,GSM1401785,Illumina HiSeq 2000,PAIRED,cDNA,TRANSCRIPTOMIC,Homo sapiens,ILLUMINA,2014-06-12T00:00:00Z,2014-06-02T13:29:00Z,1,GSM1401785,Uninvolved Breast Tissue Adjacent to ER+ Primary Tumor,SRP042620,Uninvolved Breast Tissue Adjacent to ER+ Primary Tumor
SRR1313200,RNA-Seq,100,4866186900,PRJNA251383,SAMN02821051,3268184157,GEO,public,"fastq,run.zq,sra","gs,ncbi,s3","gs.us-east1,ncbi.public,s3.us-east-1",SRX559851,GSM1401786,Illumina HiSeq 2000,PAIRED,cDNA,TRANSCRIPTOMIC,Homo sapiens,ILLUMINA,2014-06-12T00:00:00Z,2014-06-02T13:38:00Z,1,GSM1401786,Uninvolved Breast Tissue Adjacent to ER+ Primary Tumor,SRP042620,Uninvolved Breast Tissue Adjacent to ER+ Primary Tumor
SRR1313201,RNA-Seq,100,5582482300,PRJNA251383,SAMN02821056,3756872999,GEO,public,"fastq,run.zq,sra","gs,ncbi,s3","gs.us-east1,ncbi.public,s3.us-east-1",SRX559852,GSM1401787,Illumina HiSeq 2000,PAIRED,cDNA,TRANSCRIPTOMIC,Homo sapiens,ILLUMINA,2014-06-12T00:00:00Z,2014-06-02T13:40:00Z,1,GSM1401787,Uninvolved Breast Tissue Adjacent to ER+ Primary Tumor,SRP042620,Uninvolved Breast Tissue Adjacent to ER+ Primary Tumor
SRR1313202,RNA-Seq,100,9630899300,PRJNA251383,SAMN02821047,6510108578,GEO,public,"fastq,run.zq,sra","gs,ncbi,s3","gs.us-east1,ncbi.public,s3.us-east-1",SRX559853,GSM1401788,Illumina HiSeq 2000,PAIRED,cDNA,TRANSCRIPTOMIC,Homo sapiens,ILLUMINA,2014-06-12T00:00:00Z,2014-06-02T13:42:00Z,1,GSM1401788,Uninvolved Breast Tissue Adjacent to ER+ Primary Tumor,SRP042620,Uninvolved Breast Tissue Adjacent to ER+ Primary Tumor
SRR1313203,RNA-Seq,100,7577153400,PRJNA251383,SAMN02821057,5493604473,GEO,public,"fastq,run.zq,sra","gs,ncbi,s3","gs.us-east1,ncbi.public,s3.us-east-1",SRX559854,GSM1401789,Illumina HiSeq 2000,PAIRED,cDNA,TRANSCRIPTOMIC,Homo sapiens,ILLUMINA,2014-06-12T00:00:00Z,2014-06-02T13:45:00Z,1,GSM1401789,Uninvolved Breast Tissue Adjacent to ER+ Primary Tumor,SRP042620,Uninvolved Breast Tissue Adjacent to ER+ Primary Tumor
SRR1313204,RNA-Seq,100,7466903000,PRJNA251383,SAMN02821058,5142581734,GEO,public,"fastq,run.zq,sra","gs,ncbi,s3","gs.us-east1,ncbi.public,s3.us-east-1",SRX559855,GSM1401790,Illumina HiSeq 2000,PAIRED,cDNA,TRANSCRIPTOMIC,Homo sapiens,ILLUMINA,2014-06-12T00:00:00Z,2014-06-02T13:38:00Z,1,GSM1401790,Reduction Mammoplasty - No known cancer,SRP042620,Reduction Mammoplasty - No known cancer
SRR1313205,RNA-Seq,100,7233969000,PRJNA251383,SAMN02821048,4981482689,GEO,public,"fastq,run.zq,sra","gs,ncbi,s3","gs.us-east1,ncbi.public,s3.us-east-1",SRX559856,GSM1401791,Illumina HiSeq 2000,PAIRED,cDNA,TRANSCRIPTOMIC,Homo sapiens,ILLUMINA,2014-06-12T00:00:00Z,2014-06-02T13:38:00Z,1,GSM1401791,Reduction Mammoplasty - No known cancer,SRP042620,Reduction Mammoplasty - No known cancer
SRR1313206,RNA-Seq,100,8085532100,PRJNA251383,SAMN02821065,5598820255,GEO,public,"fastq,run.zq,sra","gs,ncbi,s3","gs.us-east1,ncbi.public,s3.us-east-1",SRX559857,GSM1401792,Illumina HiSeq 2000,PAIRED,cDNA,TRANSCRIPTOMIC,Homo sapiens,ILLUMINA,2014-06-12T00:00:00Z,2014-06-02T15:02:00Z,1,GSM1401792,Reduction Mammoplasty - No known cancer,SRP042620,Reduction Mammoplasty - No known cancer
SRR1313207,RNA-Seq,100,7316947100,PRJNA251383,SAMN02820998,5047918177,GEO,public,"fastq,run.zq,sra","gs,ncbi,s3","gs.us-east1,ncbi.public,s3.us-east-1",SRX559858,GSM1401793,Illumina HiSeq 2000,PAIRED,cDNA,TRANSCRIPTOMIC,Homo sapiens,ILLUMINA,2014-06-12T00:00:00Z,2014-06-02T13:39:00Z,1,GSM1401793,Reduction Mammoplasty - No known cancer,SRP042620,Reduction Mammoplasty - No known cancer
SRR1313208,RNA-Seq,100,7710051000,PRJNA251383,SAMN02821019,5298793345,GEO,public,"fastq,run.zq,sra","gs,ncbi,s3","gs.us-east1,ncbi.public,s3.us-east-1",SRX559859,GSM1401794,Illumina HiSeq 2000,PAIRED,cDNA,TRANSCRIPTOMIC,Homo sapiens,ILLUMINA,2014-06-12T00:00:00Z,2014-06-02T13:38:00Z,1,GSM1401794,Reduction Mammoplasty - No known cancer,SRP042620,Reduction Mammoplasty - No known cancer
SRR1313209,RNA-Seq,100,9092753700,PRJNA251383,SAMN02821005,6332364490,GEO,public,"fastq,run.zq,sra","gs,ncbi,s3","gs.us-east1,ncbi.public,s3.us-east-1",SRX559860,GSM1401795,Illumina HiSeq 2000,PAIRED,cDNA,TRANSCRIPTOMIC,Homo sapiens,ILLUMINA,2014-06-12T00:00:00Z,2014-06-02T14:28:00Z,1,GSM1401795,Uninvolved Breast Tissue Adjacent to TNBC Primary Tumor,SRP042620,Uninvolved Breast Tissue Adjacent to TNBC Primary Tumor
SRR1313210,RNA-Seq,100,9503362200,PRJNA251383,SAMN02820999,6520176221,GEO,public,"fastq,run.zq,sra","gs,ncbi,s3","gs.us-east1,ncbi.public,s3.us-east-1",SRX559861,GSM1401796,Illumina HiSeq 2000,PAIRED,cDNA,TRANSCRIPTOMIC,Homo sapiens,ILLUMINA,2014-06-12T00:00:00Z,2014-06-02T14:42:00Z,1,GSM1401796,Uninvolved Breast Tissue Adjacent to TNBC Primary Tumor,SRP042620,Uninvolved Breast Tissue Adjacent to TNBC Primary Tumor
SRR1313211,RNA-Seq,100,5788482500,PRJNA251383,SAMN02821014,3965887097,GEO,public,"fastq,run.zq,sra","gs,ncbi,s3","gs.us-east1,ncbi.public,s3.us-east-1",SRX559862,GSM1401797,Illumina HiSeq 2000,PAIRED,cDNA,TRANSCRIPTOMIC,Homo sapiens,ILLUMINA,2014-06-12T00:00:00Z,2014-06-02T14:23:00Z,1,GSM1401797,Uninvolved Breast Tissue Adjacent to TNBC Primary Tumor,SRP042620,Uninvolved Breast Tissue Adjacent to TNBC Primary Tumor
SRR1313212,RNA-Seq,100,5584291200,PRJNA251383,SAMN02821062,3910673366,GEO,public,"fastq,run.zq,sra","gs,ncbi,s3","gs.us-east1,ncbi.public,s3.us-east-1",SRX559863,GSM1401798,Illumina HiSeq 2000,PAIRED,cDNA,TRANSCRIPTOMIC,Homo sapiens,ILLUMINA,2014-06-12T00:00:00Z,2014-06-02T14:24:00Z,1,GSM1401798,Uninvolved Breast Tissue Adjacent to TNBC Primary Tumor,SRP042620,Uninvolved Breast Tissue Adjacent to TNBC Primary Tumor
SRR1313213,RNA-Seq,100,8564785700,PRJNA251383,SAMN02821059,6040652241,GEO,public,"fastq,run.zq,sra","gs,ncbi,s3","gs.us-east1,ncbi.public,s3.us-east-1",SRX559864,GSM1401799,Illumina HiSeq 2000,PAIRED,cDNA,TRANSCRIPTOMIC,Homo sapiens,ILLUMINA,2014-06-12T00:00:00Z,2014-06-02T14:29:00Z,1,GSM1401799,Uninvolved Breast Tissue Adjacent to TNBC Primary Tumor,SRP042620,Uninvolved Breast Tissue Adjacent to TNBC Primary Tumor
SRR1313214,RNA-Seq,100,9352331200,PRJNA251383,SAMN02821050,6588664105,GEO,public,"fastq,run.zq,sra","gs,ncbi,s3","gs.us-east1,ncbi.public,s3.us-east-1",SRX559865,GSM1401800,Illumina HiSeq 2000,PAIRED,cDNA,TRANSCRIPTOMIC,Homo sapiens,ILLUMINA,2014-06-12T00:00:00Z,2014-06-02T14:40:00Z,1,GSM1401800,Uninvolved Breast Tissue Adjacent to TNBC Primary Tumor,SRP042620,Uninvolved Breast Tissue Adjacent to TNBC Primary Tumor
SRR1313215,RNA-Seq,100,7471475100,PRJNA251383,SAMN02821012,5026008244,GEO,public,"fastq,run.zq,sra","gs,ncbi,s3","gs.us-east1,ncbi.public,s3.us-east-1",SRX559866,GSM1401801,Illumina HiSeq 2000,PAIRED,cDNA,TRANSCRIPTOMIC,Homo sapiens,ILLUMINA,2014-06-12T00:00:00Z,2014-06-02T14:32:00Z,1,GSM1401801,Uninvolved Breast Tissue Adjacent to TNBC Primary Tumor,SRP042620,Uninvolved Breast Tissue Adjacent to TNBC Primary Tumor
SRR1313216,RNA-Seq,100,5890491900,PRJNA251383,SAMN02821021,3908866700,GEO,public,"fastq,run.zq,sra","gs,ncbi,s3","gs.us-east1,ncbi.public,s3.us-east-1",SRX559867,GSM1401802,Illumina HiSeq 2000,PAIRED,cDNA,TRANSCRIPTOMIC,Homo sapiens,ILLUMINA,2014-06-12T00:00:00Z,2014-06-02T14:27:00Z,1,GSM1401802,Uninvolved Breast Tissue Adjacent to TNBC Primary Tumor,SRP042620,Uninvolved Breast Tissue Adjacent to TNBC Primary Tumor
SRR1313217,RNA-Seq,100,6427566200,PRJNA251383,SAMN02821002,4323682312,GEO,public,"fastq,run.zq,sra","gs,ncbi,s3","gs.us-east1,ncbi.public,s3.us-east-1",SRX559868,GSM1401803,Illumina HiSeq 2000,PAIRED,cDNA,TRANSCRIPTOMIC,Homo sapiens,ILLUMINA,2014-06-12T00:00:00Z,2014-06-02T14:29:00Z,1,GSM1401803,Uninvolved Breast Tissue Adjacent to TNBC Primary Tumor,SRP042620,Uninvolved Breast Tissue Adjacent to TNBC Primary Tumor
SRR1313218,RNA-Seq,100,7147487200,PRJNA251383,SAMN02821024,4834871931,GEO,public,"fastq,run.zq,sra","gs,ncbi,s3","gs.us-east1,ncbi.public,s3.us-east-1",SRX559869,GSM1401804,Illumina HiSeq 2000,PAIRED,cDNA,TRANSCRIPTOMIC,Homo sapiens,ILLUMINA,2014-06-12T00:00:00Z,2014-06-02T14:30:00Z,1,GSM1401804,Uninvolved Breast Tissue Adjacent to TNBC Primary Tumor,SRP042620,Uninvolved Breast Tissue Adjacent to TNBC Primary Tumor
SRR1313219,RNA-Seq,100,6847754900,PRJNA251383,SAMN02821000,4698464633,GEO,public,"fastq,run.zq,sra","gs,ncbi,s3","gs.us-east1,ncbi.public,s3.us-east-1",SRX559870,GSM1401805,Illumina HiSeq 2000,PAIRED,cDNA,TRANSCRIPTOMIC,Homo sapiens,ILLUMINA,2014-06-12T00:00:00Z,2014-06-02T14:33:00Z,1,GSM1401805,Uninvolved Breast Tissue Adjacent to TNBC Primary Tumor,SRP042620,Uninvolved Breast Tissue Adjacent to TNBC Primary Tumor
SRR1313220,RNA-Seq,100,7857881600,PRJNA251383,SAMN02821022,5609169347,GEO,public,"fastq,run.zq,sra","gs,ncbi,s3","gs.us-east1,ncbi.public,s3.us-east-1",SRX559871,GSM1401806,Illumina HiSeq 2000,PAIRED,cDNA,TRANSCRIPTOMIC,Homo sapiens,ILLUMINA,2014-06-12T00:00:00Z,2014-06-02T14:34:00Z,1,GSM1401806,Uninvolved Breast Tissue Adjacent to TNBC Primary Tumor,SRP042620,Uninvolved Breast Tissue Adjacent to TNBC Primary Tumor
SRR1313221,RNA-Seq,100,7307454900,PRJNA251383,SAMN02821008,5193045453,GEO,public,"fastq,run.zq,sra","gs,ncbi,s3","gs.us-east1,ncbi.public,s3.us-east-1",SRX559872,GSM1401807,Illumina HiSeq 2000,PAIRED,cDNA,TRANSCRIPTOMIC,Homo sapiens,ILLUMINA,2014-06-12T00:00:00Z,2014-06-02T14:46:00Z,1,GSM1401807,Uninvolved Breast Tissue Adjacent to TNBC Primary Tumor,SRP042620,Uninvolved Breast Tissue Adjacent to TNBC Primary Tumor
SRR1313222,RNA-Seq,100,6219134300,PRJNA251383,SAMN02821023,4251223431,GEO,public,"fastq,run.zq,sra","gs,ncbi,s3","gs.us-east1,ncbi.public,s3.us-east-1",SRX559873,GSM1401808,Illumina HiSeq 2000,PAIRED,cDNA,TRANSCRIPTOMIC,Homo sapiens,ILLUMINA,2014-06-12T00:00:00Z,2014-06-02T15:04:00Z,1,GSM1401808,Uninvolved Breast Tissue Adjacent to TNBC Primary Tumor,SRP042620,Uninvolved Breast Tissue Adjacent to TNBC Primary Tumor
SRR1313223,RNA-Seq,100,5347341700,PRJNA251383,SAMN02821025,3723362069,GEO,public,"fastq,run.zq,sra","gs,ncbi,s3","gs.us-east1,ncbi.public,s3.us-east-1",SRX559874,GSM1401809,Illumina HiSeq 2000,PAIRED,cDNA,TRANSCRIPTOMIC,Homo sapiens,ILLUMINA,2014-06-12T00:00:00Z,2014-06-02T14:43:00Z,1,GSM1401809,Uninvolved Breast Tissue Adjacent to TNBC Primary Tumor,SRP042620,Uninvolved Breast Tissue Adjacent to TNBC Primary Tumor
SRR1313224,RNA-Seq,100,8807746700,PRJNA251383,SAMN02821018,6154112176,GEO,public,"fastq,run.zq,sra","gs,ncbi,s3","gs.us-east1,ncbi.public,s3.us-east-1",SRX559875,GSM1401810,Illumina HiSeq 2000,PAIRED,cDNA,TRANSCRIPTOMIC,Homo sapiens,ILLUMINA,2014-06-12T00:00:00Z,2014-06-02T14:44:00Z,1,GSM1401810,Uninvolved Breast Tissue Adjacent to TNBC Primary Tumor,SRP042620,Uninvolved Breast Tissue Adjacent to TNBC Primary Tumor
SRR1313225,RNA-Seq,100,5217123800,PRJNA251383,SAMN02821010,3622752196,GEO,public,"fastq,run.zq,sra","gs,ncbi,s3","gs.us-east1,ncbi.public,s3.us-east-1",SRX559876,GSM1401811,Illumina HiSeq 2000,PAIRED,cDNA,TRANSCRIPTOMIC,Homo sapiens,ILLUMINA,2014-06-12T00:00:00Z,2014-06-02T14:37:00Z,1,GSM1401811,Uninvolved Breast Tissue Adjacent to TNBC Primary Tumor,SRP042620,Uninvolved Breast Tissue Adjacent to TNBC Primary Tumor
SRR1313226,RNA-Seq,100,6392362100,PRJNA251383,SAMN02821026,4337332832,GEO,public,"fastq,run.zq,sra","gs,ncbi,s3","gs.us-east1,ncbi.public,s3.us-east-1",SRX559877,GSM1401812,Illumina HiSeq 2000,PAIRED,cDNA,TRANSCRIPTOMIC,Homo sapiens,ILLUMINA,2014-06-12T00:00:00Z,2014-06-02T14:43:00Z,1,GSM1401812,Uninvolved Breast Tissue Adjacent to TNBC Primary Tumor,SRP042620,Uninvolved Breast Tissue Adjacent to TNBC Primary Tumor
SRR1313227,RNA-Seq,100,9403021000,PRJNA251383,SAMN02821027,6444567607,GEO,public,"fastq,run.zq,sra","gs,ncbi,s3","gs.us-east1,ncbi.public,s3.us-east-1",SRX559878,GSM1401813,Illumina HiSeq 2000,PAIRED,cDNA,TRANSCRIPTOMIC,Homo sapiens,ILLUMINA,2014-06-12T00:00:00Z,2014-06-02T14:54:00Z,1,GSM1401813,Uninvolved Breast Tissue Adjacent to TNBC Primary Tumor,SRP042620,Uninvolved Breast Tissue Adjacent to TNBC Primary Tumor
SRR1313228,RNA-Seq,100,8823059500,PRJNA251383,SAMN02821028,6214173348,GEO,public,"fastq,run.zq,sra","gs,ncbi,s3","gs.us-east1,ncbi.public,s3.us-east-1",SRX559879,GSM1401814,Illumina HiSeq 2000,PAIRED,cDNA,TRANSCRIPTOMIC,Homo sapiens,ILLUMINA,2014-06-12T00:00:00Z,2014-06-02T14:50:00Z,1,GSM1401814,Uninvolved Breast Tissue Adjacent to TNBC Primary Tumor,SRP042620,Uninvolved Breast Tissue Adjacent to TNBC Primary Tumor
SRR1313229,RNA-Seq,100,6650834000,PRJNA251383,SAMN02821030,4648973870,GEO,public,"fastq,run.zq,sra","gs,ncbi,s3","gs.us-east1,ncbi.public,s3.us-east-1",SRX559880,GSM1401815,Illumina HiSeq 2000,PAIRED,cDNA,TRANSCRIPTOMIC,Homo sapiens,ILLUMINA,2014-06-12T00:00:00Z,2014-06-02T14:45:00Z,1,GSM1401815,Uninvolved Breast Tissue Adjacent to TNBC Primary Tumor,SRP042620,Uninvolved Breast Tissue Adjacent to TNBC Primary Tumor
